t (s);roll (deg);TL (%);TR (%)
115048060;1.4199982;40.25;39.74
115058028;1.4199982;40.6;39.39
115068024;1.4199982;40.6;39.39
115078032;1.4199982;40.6;39.39
115088028;1.4199982;40.59;39.4
115098036;1.4199982;40.6;39.39
115107992;1.4199982;40.59;39.4
115118000;1.4199982;40.59;39.4
115127972;1.4100037;40.58;39.41
115137984;1.3999939;40.54;39.45
115147956;1.3699951;40.5;39.49
115157972;1.3300018;40.4;39.59
115167948;1.25;40.25;39.74
115178336;1.1399994;40.16;39.83
115187920;1.0299988;40.03;39.96
115197928;0.8899994;39.93;40.06
115207900;0.7400055;39.81;40.18
115217928;0.58000183;39.69;40.3
115227908;0.3899994;39.53;40.46
115237896;0.19000244;39.42;40.57
115247892;-0.02999878;39.26;40.73
115257880;-0.25;39.13;40.86
115267884;-0.4900055;39.01;40.98
115278272;-0.7299957;38.91;41.08
115287856;-0.9799957;38.72;41.27
115297864;-1.2299957;38.62;41.37
115307848;-1.4799957;38.53;41.46
115317812;-1.7400055;38.41;41.58
115327832;-2.0;38.29;41.7
115337832;-2.2700043;38.12;41.87
115347796;-2.5299988;38.07;41.92
115357780;-2.7899933;37.94;42.05
115367792;-3.050003;37.83;42.16
115377768;-3.3200073;37.7;42.29
115387788;-3.5800018;37.59;42.4
115397772;-3.8399963;37.53;42.46
115407752;-4.0899963;37.43;42.56
115417752;-4.330002;37.37;42.62
115427740;-4.5599976;37.27;42.72
115437716;-4.779999;37.25;42.74
115447732;-5.0;37.15;42.84
115457708;-5.2100067;37.11;42.88
115467696;-5.399994;37.07;42.92
115477688;-5.580002;37.01;42.98
115487684;-5.75;37.02;42.97
115497676;-5.9100037;36.95;43.04
115507676;-6.050003;36.98;43.01
115517668;-6.1799927;36.94;43.05
115527672;-6.2899933;36.95;43.04
115537652;-6.399994;36.93;43.06
115547628;-6.4900055;36.94;43.05
115557636;-6.5599976;36.98;43.01
115567648;-6.619995;37.01;42.98
115577632;-6.6600037;37.02;42.97
115588004;-6.699997;37.04;42.95
115597620;-6.720001;37.08;42.91
115607580;-6.7299957;37.13;42.86
115617592;-6.720001;37.19;42.8
115627596;-6.699997;37.22;42.77
115637592;-6.6600037;37.3;42.69
115647572;-6.619995;37.35;42.64
115657568;-6.550003;37.43;42.56
115667564;-6.4799957;37.48;42.51
115677936;-6.399994;37.56;42.43
115687532;-6.300003;37.67;42.32
115697520;-6.1900024;37.74;42.25
115707516;-6.0700073;37.83;42.16
115717516;-5.9400024;37.93;42.06
115727496;-5.7899933;38.03;41.96
115737484;-5.6399994;38.11;41.88
115747480;-5.470001;38.26;41.73
115757480;-5.2899933;38.36;41.63
115767480;-5.100006;38.47;41.52
115777464;-4.899994;38.58;41.41
115787456;-4.699997;38.69;41.3
115797456;-4.4900055;38.8;41.19
115807448;-4.2700043;38.92;41.07
115817452;-4.029999;39.09;40.9
115827456;-3.7899933;39.2;40.79
115837432;-3.5399933;39.34;40.65
115847412;-3.2899933;39.44;40.55
115857404;-3.0299988;39.58;40.41
115867396;-2.7700043;39.69;40.3
115877388;-2.5;39.83;40.16
115887404;-2.2400055;39.92;40.07
115897380;-1.9900055;40.0;39.99
115907768;-1.7200012;40.13;39.86
115917388;-1.4400024;40.34;39.65
115927376;-1.1799927;40.39;39.6
115937372;-0.8999939;40.53;39.46
115947368;-0.6399994;40.6;39.39
115957348;-0.36999512;40.74;39.25
115967336;-0.11000061;40.83;39.16
115977328;0.1499939;40.91;39.08
115987320;0.3999939;41.01;38.98
115997312;0.6499939;41.12;38.87
116007320;0.8999939;41.22;38.77
116017300;1.1499939;41.31;38.68
116027288;1.3800049;41.36;38.63
116037280;1.6100006;41.42;38.57
116047276;1.8300018;41.54;38.45
116057252;2.0599976;41.61;38.38
116067260;2.2799988;41.71;38.28
116077248;2.4799957;41.72;38.27
116087244;2.6699982;41.77;38.22
116097236;2.869995;41.86;38.13
116107236;3.050003;41.89;38.1
116117200;3.2299957;41.95;38.04
116127204;3.3899994;41.99;38.0
116137196;3.550003;42.01;37.98
116147196;3.6799927;42.0;37.99
116157204;3.8099976;42.03;37.96
116167192;3.9299927;42.08;37.91
116177176;4.0399933;42.07;37.92
116187156;4.130005;42.06;37.93
116197148;4.220001;42.06;37.93
116207156;4.279999;42.04;37.95
116217144;4.330002;42.0;37.99
116227144;4.380005;41.99;38.0
116237524;4.4100037;41.98;38.01
116247128;4.4299927;41.95;38.04
116257096;4.4400024;41.89;38.1
116267084;4.4400024;41.87;38.12
116277100;4.419998;41.82;38.17
116287096;4.3899994;41.74;38.25
116297068;4.3600006;41.74;38.25
116307080;4.3099976;41.66;38.33
116317060;4.25;41.62;38.37
116327052;4.1799927;41.54;38.45
116337044;4.1100006;41.48;38.51
116347036;4.029999;41.42;38.57
116357032;3.9299927;41.34;38.65
116367008;3.8200073;41.25;38.74
116377008;3.7100067;41.2;38.79
116386992;3.600006;41.14;38.85
116396972;3.4600067;41.0;38.99
116406972;3.3300018;40.98;39.01
116416984;3.1900024;40.87;39.12
116426952;3.0399933;40.79;39.2
116436952;2.880005;40.7;39.29
116446952;2.7299957;40.64;39.35
116456936;2.5700073;40.55;39.44
116466944;2.399994;40.46;39.53
116476916;2.2400055;40.39;39.6
116486912;2.0599976;40.27;39.72
116496924;1.8800049;40.2;39.79
116506884;1.699997;40.12;39.87
116516896;1.5299988;40.07;39.92
116526892;1.3500061;39.97;40.02
116536884;1.1600037;39.86;40.13
116546900;0.9799957;39.8;40.19
116556868;0.7799988;39.66;40.33
116566860;0.58000183;39.6;40.39
116576852;0.3899994;39.53;40.46
116586824;0.21000671;39.47;40.52
116596856;0.02999878;39.41;40.58
116606832;-0.16000366;39.3;40.69
116616824;-0.3500061;39.22;40.77
116626844;-0.5299988;39.16;40.83
116636804;-0.7100067;39.09;40.9
116646804;-0.8800049;39.05;40.94
116656800;-1.0599976;38.97;41.02
116666792;-1.2200012;38.93;41.06
116676780;-1.3899994;38.85;41.14
116686768;-1.5599976;38.77;41.22
116696744;-1.7100067;38.77;41.22
116706756;-1.8600006;38.71;41.28
116716756;-2.0;38.67;41.32
116727144;-2.1399994;38.66;41.33
116736728;-2.2700043;38.57;41.42
116746724;-2.3899994;38.59;41.4
116756692;-2.5099945;38.53;41.46
116766696;-2.619995;38.52;41.47
116776692;-2.7299957;38.48;41.51
116786688;-2.8300018;38.46;41.53
116796660;-2.9299927;38.42;41.57
116806680;-3.0200043;38.42;41.57
116816680;-3.1100006;38.38;41.61
116826664;-3.1900024;38.38;41.61
116836656;-3.2599945;38.38;41.61
116846628;-3.3300018;38.37;41.62
116856632;-3.380005;38.38;41.61
116866628;-3.4400024;38.35;41.64
116876612;-3.4900055;38.33;41.66
116886612;-3.5399933;38.34;41.65
116896612;-3.5700073;38.38;41.61
116906612;-3.5899963;38.41;41.58
116916620;-3.600006;38.44;41.55
116927000;-3.600006;38.47;41.52
116936584;-3.5899963;38.53;41.46
116946568;-3.5700073;38.55;41.44
116956544;-3.5299988;38.63;41.36
116966532;-3.4900055;38.65;41.34
116976536;-3.4400024;38.72;41.27
116986532;-3.369995;38.8;41.19
116996528;-3.2899933;38.87;41.12
117006508;-3.199997;38.95;41.04
117016500;-3.0899963;39.05;40.94
117026500;-2.9799957;39.11;40.88
117036488;-2.850006;39.23;40.76
117046472;-2.7100067;39.3;40.69
117056464;-2.5599976;39.42;40.57
117066464;-2.399994;39.5;40.49
117076464;-2.2400055;39.59;40.4
117086448;-2.0599976;39.72;40.27
117096460;-1.8800049;39.81;40.18
117106448;-1.6900024;39.91;40.08
117116436;-1.4799957;40.06;39.93
117126440;-1.2700043;40.15;39.84
117136452;-1.0599976;40.26;39.73
117146432;-0.8500061;40.35;39.64
117156424;-0.6399994;40.42;39.57
117166424;-0.41999817;40.53;39.46
117176396;-0.21000671;40.64;39.35
117186404;0.009994507;40.71;39.28
117196392;0.22000122;40.79;39.2
117206388;0.42999268;40.87;39.12
117216384;0.6399994;40.97;39.02
117226368;0.83999634;41.01;38.98
117236364;1.0200043;41.06;38.93
117246360;1.2200012;41.18;38.81
117256336;1.4100037;41.22;38.77
117266332;1.6100006;41.34;38.65
117276320;1.7899933;41.37;38.62
117286332;1.9600067;41.4;38.59
117296316;2.149994;41.51;38.48
117306316;2.3300018;41.58;38.41
117316280;2.5;41.63;38.36
117326284;2.6600037;41.68;38.31
117336276;2.8200073;41.71;38.28
117346256;2.9799957;41.78;38.21
117356636;3.130005;41.81;38.18
117366244;3.2799988;41.91;38.08
117376232;3.4199982;41.91;38.08
117386612;3.5599976;41.94;38.05
117396224;3.6900024;42.02;37.97
117406220;3.8200073;42.03;37.96
117416216;3.9400024;42.09;37.9
117426208;4.0599976;42.09;37.9
117436180;4.1600037;42.1;37.89
117446184;4.2599945;42.13;37.86
117456180;4.3600006;42.16;37.83
117466164;4.4400024;42.16;37.83
117476172;4.529999;42.22;37.77
117486152;4.6100006;42.21;37.78
117496136;4.6799927;42.19;37.8
117506136;4.7299957;42.2;37.79
117516136;4.779999;42.17;37.82
117526128;4.8200073;42.19;37.8
117536140;4.8600006;42.19;37.8
117546124;4.899994;42.2;37.79
117556120;4.9299927;42.16;37.83
117566100;4.9400024;42.14;37.85
117576080;4.949997;42.14;37.85
117586084;4.9600067;42.11;37.88
117596076;4.9600067;42.09;37.9
117606068;4.9600067;42.09;37.9
117616068;4.949997;42.06;37.93
117626044;4.9299927;42.03;37.96
117636032;4.919998;42.04;37.95
117646008;4.899994;42.01;37.98
117656412;4.869995;41.95;38.04
117666012;4.8399963;41.96;38.03
117675988;4.7899933;41.87;38.12
117685984;4.7400055;41.84;38.15
117695980;4.6799927;41.78;38.21
117705976;4.6100006;41.72;38.27
117715964;4.5399933;41.67;38.32
117725944;4.449997;41.58;38.41
117735944;4.3600006;41.54;38.45
117745956;4.25;41.41;38.58
117755952;4.1399994;41.38;38.61
117765924;4.0200043;41.3;38.69
117775932;3.8899994;41.23;38.76
117785924;3.7599945;41.16;38.83
117795908;3.619995;41.05;38.94
117805900;3.4700012;40.98;39.01
117815888;3.3200073;40.9;39.09
117825888;3.1600037;40.82;39.17
117835876;3.0;40.73;39.26
117845868;2.8399963;40.65;39.34
117855864;2.6699982;40.57;39.42
117865848;2.5099945;40.5;39.49
117875836;2.3200073;40.38;39.61
117885832;2.1399994;40.29;39.7
117895828;1.949997;40.18;39.81
117905816;1.7700043;40.15;39.84
117915800;1.5800018;40.02;39.97
117925808;1.3800049;39.94;40.05
117935816;1.1900024;39.86;40.13
117945812;0.9900055;39.76;40.23
117955824;0.7899933;39.67;40.32
117965796;0.58999634;39.57;40.42
117975768;0.3899994;39.5;40.49
117985756;0.19000244;39.41;40.58
117995764;-0.009994507;39.32;40.67
118005732;-0.21000671;39.26;40.73
118015760;-0.41000366;39.13;40.86
118025748;-0.6100006;39.07;40.92
118035728;-0.80000305;39.04;40.95
118045728;-0.9900055;38.93;41.06
118055704;-1.1799927;38.88;41.11
118066112;-1.3699951;38.8;41.19
118075696;-1.550003;38.73;41.26
118085684;-1.7200012;38.68;41.31
118095668;-1.8800049;38.67;41.32
118105676;-2.0299988;38.64;41.35
118115664;-2.1900024;38.56;41.43
118125644;-2.3200073;38.56;41.43
118135640;-2.4600067;38.49;41.5
118145648;-2.5899963;38.47;41.52
118155616;-2.699997;38.48;41.51
118165604;-2.8099976;38.44;41.55
118175604;-2.9100037;38.42;41.57
118185588;-3.0;38.45;41.54
118195588;-3.0700073;38.44;41.55
118205592;-3.1399994;38.45;41.54
118215604;-3.199997;38.45;41.54
118225580;-3.25;38.46;41.53
118235564;-3.2799988;38.49;41.5
118245948;-3.3099976;38.51;41.48
118255548;-3.3399963;38.49;41.5
118265540;-3.3399963;38.56;41.43
118275536;-3.3399963;38.58;41.41
118285532;-3.3399963;38.6;41.39
118295532;-3.3200073;38.66;41.33
118305516;-3.2899933;38.69;41.3
118315512;-3.2700043;38.68;41.31
118325492;-3.2299957;38.78;41.21
118335480;-3.1900024;38.78;41.21
118345472;-3.130005;38.85;41.14
118355476;-3.0800018;38.88;41.11
118365460;-3.0200043;38.94;41.05
118375460;-2.9400024;39.0;40.99
118385440;-2.8600006;39.07;40.92
118395440;-2.7700043;39.12;40.87
118405816;-2.6699982;39.17;40.82
118415416;-2.5599976;39.3;40.69
118425416;-2.449997;39.32;40.67
118435404;-2.3399963;39.39;40.6
118445396;-2.2100067;39.47;40.52
118455384;-2.100006;39.48;40.51
118465392;-1.9700012;39.59;40.4
118475388;-1.8500061;39.62;40.37
118485360;-1.7299957;39.68;40.31
118495364;-1.6000061;39.75;40.24
118505368;-1.4700012;39.82;40.17
118515368;-1.3399963;39.84;40.15
118525348;-1.2100067;39.93;40.06
118535332;-1.0899963;39.95;40.04
118545332;-0.9600067;40.0;39.99
118555340;-0.83000183;40.07;39.92
118565340;-0.7100067;40.09;39.9
118575300;-0.58999634;40.18;39.81
118585300;-0.4600067;40.21;39.78
118595676;-0.3500061;40.22;39.77
118605276;-0.22999573;40.29;39.7
118615288;-0.11000061;40.35;39.64
118625264;-0.009994507;40.36;39.63
118635300;0.11000061;40.41;39.58
118645260;0.21000671;40.44;39.55
118655264;0.30999756;40.46;39.53
118665236;0.41000366;40.51;39.48
118675244;0.5099945;40.52;39.47
118685240;0.58999634;40.54;39.45
118695232;0.6799927;40.59;39.4
118705204;0.7599945;40.58;39.41
118715228;0.8500061;40.64;39.35
118725208;0.9299927;40.66;39.33
118735196;1.0;40.66;39.33
118745208;1.0599976;40.65;39.34
118755192;1.1199951;40.69;39.3
118765188;1.1900024;40.72;39.27
118775168;1.2400055;40.68;39.31
118785160;1.2899933;40.71;39.28
118795164;1.3300018;40.72;39.27
118805148;1.3699951;40.68;39.31
118815148;1.3999939;40.69;39.3
118825136;1.4199982;40.68;39.31
118835120;1.449997;40.69;39.3
118845112;1.4700012;40.68;39.31
118855120;1.4799957;40.66;39.33
118865104;1.4900055;40.66;39.33
118875096;1.4900055;40.63;39.36
118885076;1.4900055;40.65;39.34
118895076;1.4900055;40.61;39.38
118905056;1.4700012;40.57;39.42
118915080;1.4600067;40.56;39.43
118925068;1.4299927;40.52;39.47
118935052;1.4100037;40.51;39.48
118945008;1.3800049;40.48;39.51
118955028;1.3500061;40.45;39.54
118965008;1.3099976;40.44;39.55
118975020;1.2599945;40.35;39.64
118984988;1.1600037;40.17;39.82
118994984;0.91999817;39.56;40.43
119004964;0.4900055;38.77;41.22
119014964;-0.16000366;37.78;42.21
119024976;-0.9600067;36.91;43.08
119034956;-1.9199982;35.99;44.0
119044936;-2.9700012;35.23;44.76
119054956;-4.0700073;34.61;45.38
119064920;-5.1799927;34.09;45.9
119074912;-6.2899933;33.65;46.34
119084916;-7.369995;33.25;46.74
119094896;-8.440002;32.85;47.14
119104876;-9.5099945;32.39;47.6
119114884;-10.570007;32.0;47.99
119124888;-11.630005;31.54;48.45
119134876;-12.669998;31.15;48.84
119144860;-13.649994;30.98;49.01
119154864;-14.580002;30.7;49.29
119164860;-15.460007;30.52;49.47
119174840;-16.300003;30.31;49.68
119184840;-17.100006;30.1;49.89
119194816;-17.850006;29.93;50.06
119204804;-18.570007;29.71;50.28
119214812;-19.259995;29.56;50.43
119224816;-19.919998;29.37;50.62
119234792;-20.520004;29.31;50.68
119244780;-21.039993;29.34;50.65
119254784;-21.509995;29.33;50.66
119264768;-21.949997;29.23;50.76
119274764;-22.330002;29.29;50.7
119284760;-22.649994;29.32;50.67
119294728;-22.919998;29.41;50.58
119304736;-23.14;29.45;50.54
119314716;-23.309998;29.58;50.41
119324708;-23.410004;29.74;50.25
119334720;-23.470001;29.87;50.12
119344692;-23.449997;30.13;49.86
119354696;-23.369995;30.35;49.64
119364692;-23.240005;30.62;49.37
119374676;-23.050003;30.88;49.11
119384660;-22.800003;31.15;48.84
119394660;-22.520004;31.42;48.57
119404640;-22.169998;31.76;48.23
119414644;-21.779999;32.07;47.92
119424632;-21.350006;32.42;47.57
119434640;-20.86;32.77;47.22
119444628;-20.320007;33.21;46.78
119454632;-19.729996;33.61;46.38
119464608;-19.11;33.99;46.0
119474612;-18.440002;34.43;45.56
119484596;-17.729996;34.85;45.14
119494592;-16.979996;35.32;44.67
119504572;-16.179993;35.79;44.2
119514584;-15.360001;36.25;43.74
119524576;-14.5;36.73;43.26
119534568;-13.600006;37.22;42.77
119544556;-12.660004;37.77;42.22
119554568;-11.699997;38.25;41.74
119564540;-10.710007;38.78;41.21
119574536;-9.690002;39.28;40.71
119584528;-8.660004;39.78;40.21
119594524;-7.600006;40.31;39.68
119604500;-6.529999;40.82;39.17
119614488;-5.449997;41.31;38.68
119624476;-4.3399963;41.85;38.14
119634472;-3.2299957;42.35;37.64
119644480;-2.100006;42.87;37.12
119654472;-0.9600067;43.4;36.59
119664460;0.19000244;43.91;36.08
119674472;1.3300018;44.34;35.65
119684428;2.4700012;44.85;35.14
119694428;3.5899963;45.28;34.71
119704416;4.7299957;45.78;34.21
119714420;5.8399963;46.17;33.82
119724404;6.9299927;46.59;33.4
119734400;8.020004;47.03;32.96
119744396;9.089996;47.41;32.58
119754404;10.160004;47.84;32.15
119764384;11.190002;48.18;31.81
119774372;12.190002;48.51;31.48
119784376;13.169998;48.84;31.15
119794356;14.119995;49.15;30.84
119804368;15.039993;49.43;30.56
119814364;15.919998;49.65;30.34
119824360;16.759995;49.89;30.1
119834356;17.559998;50.11;29.88
119844336;18.320007;50.29;29.7
119854308;19.039993;50.46;29.53
119864316;19.720001;50.63;29.36
119874308;20.369995;50.77;29.22
119884312;20.970001;50.88;29.11
119894284;21.520004;50.93;29.06
119904280;22.009995;50.97;29.02
119914276;22.449997;50.97;29.02
119924264;22.839996;50.96;29.03
119934240;23.179993;50.94;29.05
119944228;23.460007;50.88;29.11
119954228;23.699997;50.8;29.19
119964232;23.869995;50.67;29.32
119974220;23.979996;50.51;29.48
119984208;24.009995;50.29;29.7
119994200;23.979996;50.05;29.94
120004192;23.89;49.8;30.19
120014164;23.720001;49.47;30.52
120024148;23.5;49.22;30.77
120034156;23.210007;48.86;31.13
120044140;22.869995;48.54;31.45
120054128;22.479996;48.2;31.79
120064120;22.020004;47.81;32.18
120074120;21.520004;47.43;32.56
120084116;20.970001;47.03;32.96
120094108;20.369995;46.62;33.37
120104512;19.729996;46.29;33.7
120114100;19.020004;45.61;34.38
120124096;18.289993;45.3;34.69
120134092;17.509995;44.78;35.21
120144076;16.679993;44.3;35.69
120154068;15.809998;43.79;36.2
120164464;14.889999;43.34;36.65
120174080;13.940002;42.61;37.38
120184044;12.949997;42.19;37.8
120194048;11.940002;41.66;38.33
120204048;10.899994;41.16;38.83
120214036;9.850006;40.68;39.31
120224024;8.7599945;40.06;39.93
120234012;7.6600037;39.55;40.44
120244000;6.5200043;38.97;41.02
120253984;5.369995;38.44;41.55
120263980;4.199997;37.88;42.11
120273968;3.0200043;37.33;42.66
120283980;1.8300018;36.81;43.18
120293972;0.6399994;36.31;43.68
120303984;-0.55999756;35.74;44.25
120313944;-1.7599945;35.24;44.75
120323940;-2.9600067;34.76;45.23
120333936;-4.149994;34.28;45.71
120343936;-5.3099976;33.87;46.12
120353908;-6.4600067;33.41;46.58
120363924;-7.6100006;32.97;47.02
120373916;-8.75;32.49;47.5
120383900;-9.860001;32.1;47.89
120393896;-10.940002;31.75;48.24
120403904;-12.0099945;31.37;48.62
120413884;-13.059998;30.96;49.03
120423880;-14.080002;30.64;49.35
120433860;-15.059998;30.36;49.63
120443848;-16.0;30.08;49.91
120453844;-16.910004;29.82;50.17
120463844;-17.770004;29.58;50.41
120473820;-18.580002;29.42;50.57
120483828;-19.369995;29.18;50.81
120493828;-20.089996;29.07;50.92
120503832;-20.779999;28.92;51.07
120513796;-21.410004;28.81;51.18
120523796;-21.990005;28.75;51.24
120533768;-22.509995;28.74;51.25
120543792;-22.979996;28.71;51.28
120553768;-23.39;28.73;51.26
120563764;-23.740005;28.78;51.21
120573756;-24.039993;28.81;51.18
120583744;-24.279999;28.94;51.05
120593724;-24.460007;29.03;50.96
120603728;-24.580002;29.18;50.81
120613720;-24.64;29.38;50.61
120623700;-24.630005;29.59;50.4
120633708;-24.559998;29.83;50.16
120643684;-24.440002;30.05;49.94
120653672;-24.259995;30.35;49.64
120663672;-24.020004;30.63;49.36
120673644;-23.720001;30.95;49.04
120683640;-23.369995;31.26;48.73
120693644;-22.970001;31.62;48.37
120703636;-22.520004;31.98;48.01
120713644;-22.0;32.39;47.6
120723624;-21.440002;32.8;47.19
120733624;-20.839996;33.17;46.82
120743628;-20.190002;33.61;46.38
120753636;-19.5;34.06;45.93
120763616;-18.759995;34.51;45.48
120773588;-17.979996;35.02;44.97
120783608;-17.160004;35.43;44.56
120793608;-16.300003;35.99;44.0
120803576;-15.399994;36.46;43.53
120813576;-14.470001;37.0;42.99
120823568;-13.5;37.49;42.5
120833564;-12.5099945;38.03;41.96
120843552;-11.460007;38.62;41.37
120853540;-10.399994;39.16;40.83
120863924;-9.300003;39.59;40.4
120873548;-8.199997;40.34;39.65
120883520;-7.0599976;40.81;39.18
120893520;-5.8899994;41.39;38.6
120903496;-4.7299957;41.87;38.12
120913488;-3.550003;42.44;37.55
120923496;-2.350006;42.99;37.0
120933484;-1.1399994;43.55;36.44
120943492;0.05999756;44.03;35.96
120953468;1.2700043;44.59;35.4
120963444;2.4799957;45.07;34.92
120973436;3.6799927;45.57;34.42
120983432;4.869995;46.04;33.95
120993424;6.050003;46.47;33.52
121003428;7.2299957;47.01;32.98
121013408;8.399994;47.45;32.54
121023404;9.559998;47.92;32.07
121033400;10.679993;48.25;31.74
121043412;11.779999;48.66;31.33
121053368;12.860001;49.06;30.93
121063772;13.910004;49.24;30.75
121073364;14.940002;49.92;30.07
121083368;15.940002;50.05;29.94
121093360;16.89;50.34;29.65
121103352;17.820007;50.63;29.36
121113348;18.710007;50.88;29.11
121123328;19.559998;51.11;28.88
121133320;20.350006;51.28;28.71
121143324;21.119995;51.48;28.51
121153304;21.820007;51.59;28.4
121163316;22.470001;51.69;28.3
121173304;23.080002;51.79;28.2
121183288;23.630005;51.85;28.14
121193272;24.119995;51.83;28.16
121203264;24.509995;51.66;28.33
121213248;24.600006;50.74;29.25
121223220;24.369995;49.53;30.46
121233232;23.979996;48.87;31.12
121243216;23.559998;48.56;31.43
121253204;23.089996;48.18;31.81
121263200;22.550003;47.74;32.25
121273188;21.929993;47.23;32.76
121283200;21.240005;46.68;33.31
121293180;20.5;46.21;33.78
121303184;19.740005;45.8;34.19
121313176;18.940002;45.35;34.64
121323168;18.130005;44.99;35.0
121333156;17.300003;44.54;35.45
121343148;16.440002;44.1;35.89
121353148;15.529999;43.54;36.45
121363152;14.550003;42.9;37.09
121373136;13.539993;42.33;37.66
121383108;12.479996;41.75;38.24
121393116;11.399994;41.21;38.78
121403116;10.300003;40.7;39.29
121413116;9.199997;40.23;39.76
121423084;8.080002;39.66;40.33
121433068;6.949997;39.2;40.79
121443072;5.8099976;38.65;41.34
121453088;4.6600037;38.14;41.85
121463048;3.4400024;37.39;42.6
121473040;2.2299957;36.9;43.09
121483080;1.0099945;36.37;43.62
121493036;-0.19999695;35.85;44.14
121503028;-1.3999939;35.42;44.57
121513000;-2.5899963;34.9;45.09
121523392;-3.7799988;34.61;45.38
121533000;-4.9299927;33.92;46.07
121542984;-6.0700073;33.61;46.38
121552984;-7.220001;33.13;46.86
121562976;-8.339996;32.73;47.26
121572980;-9.449997;32.29;47.7
121582952;-10.529999;31.93;48.06
121592968;-11.589996;31.56;48.43
121602968;-12.600006;31.27;48.72
121612956;-13.600006;30.94;49.05
121622948;-14.539993;30.68;49.31
121632932;-15.460007;30.4;49.59
121642928;-16.350006;30.1;49.89
121652900;-17.199997;29.88;50.11
121662896;-18.0;29.71;50.28
121672884;-18.740005;29.59;50.4
121682884;-19.449997;29.4;50.59
121693256;-20.089996;29.42;50.57
121702860;-20.699997;29.11;50.88
121712856;-21.240005;29.22;50.77
121722852;-21.729996;29.17;50.82
121732840;-22.149994;29.2;50.79
121742844;-22.529999;29.2;50.79
121752836;-22.850006;29.27;50.72
121762832;-23.119995;29.31;50.68
121772828;-23.330002;29.41;50.58
121782820;-23.479996;29.55;50.44
121792800;-23.570007;29.71;50.28
121802812;-23.600006;29.92;50.07
121812800;-23.550003;30.17;49.82
121822788;-23.449997;30.4;49.59
121832772;-23.289993;30.68;49.31
121842744;-23.080002;30.93;49.06
121852752;-22.800003;31.26;48.73
121862756;-22.479996;31.55;48.44
121872736;-22.089996;31.94;48.05
121882716;-21.64;32.34;47.65
121892712;-21.14;32.71;47.28
121902716;-20.589996;33.12;46.87
121912700;-19.990005;33.53;46.46
121922680;-19.339996;34.0;45.99
121932724;-18.64;34.41;45.58
121942684;-17.89;34.92;45.07
121952684;-17.11;35.36;44.63
121962680;-16.279999;35.87;44.12
121972664;-15.410004;36.39;43.6
121982668;-14.5099945;36.86;43.13
121992652;-13.559998;37.42;42.57
122002648;-12.580002;37.92;42.07
122012644;-11.580002;38.45;41.54
122022632;-10.539993;39.02;40.97
122032628;-9.460007;39.57;40.42
122042620;-8.369995;40.08;39.91
122052624;-7.2700043;40.62;39.37
122062600;-6.119995;41.22;38.77
122072608;-4.9799957;41.69;38.3
122082588;-3.8399963;42.19;37.8
122092580;-2.6699982;42.79;37.2
122102604;-1.5;43.25;36.74
122112964;-0.33000183;43.62;36.37
122122940;0.83999634;44.26;35.73
122132536;2.0200043;44.95;35.04
122142520;3.2100067;45.32;34.67
122152520;4.380005;45.74;34.25
122162500;5.5399933;46.22;33.77
122172496;6.699997;46.7;33.29
122182512;7.8399963;47.14;32.85
122192512;8.970001;47.56;32.43
122202496;10.080002;47.94;32.05
122212492;11.169998;48.37;31.62
122222476;12.2400055;48.75;31.24
122232472;13.270004;49.04;30.95
122242464;14.279999;49.42;30.57
122252464;15.25;49.69;30.3
122262464;16.190002;49.98;30.01
122272436;17.11;50.31;29.68
122282424;17.990005;50.53;29.46
122292420;18.820007;50.75;29.24
122302424;19.619995;50.98;29.01
122312416;20.380005;51.13;28.86
122322404;21.080002;51.27;28.72
122332380;21.75;51.43;28.56
122342384;22.350006;51.49;28.5
122352380;22.910004;51.54;28.45
122362360;23.419998;51.61;28.38
122372344;23.869995;51.61;28.38
122382340;24.25;51.54;28.45
122392324;24.529999;51.32;28.67
122402340;24.589996;50.6;29.39
122412300;24.410004;49.73;30.26
122422292;24.100006;49.18;30.81
122432292;23.740005;48.84;31.15
122442288;23.309998;48.42;31.57
122452268;22.820007;48.01;31.98
122462260;22.259995;47.55;32.44
122472272;21.630005;47.06;32.93
122482256;20.960007;46.63;33.36
122492256;20.259995;46.24;33.75
122502260;19.529999;45.83;34.16
122512244;18.779999;45.46;34.53
122522236;17.990005;44.98;35.01
122532240;17.160004;44.48;35.51
122542224;16.279999;43.97;36.02
122552216;15.350006;43.39;36.6
122562212;14.380005;42.84;37.15
122572196;13.380005;42.31;37.68
122582184;12.350006;41.81;38.18
122592180;11.300003;41.29;38.7
122602180;10.2400055;40.79;39.2
122612176;9.169998;40.29;39.7
122622156;8.080002;39.8;40.19
122632136;6.9799957;39.28;40.71
122642140;5.8399963;38.67;41.32
122652128;4.6900024;38.14;41.85
122662108;3.5299988;37.61;42.38
122672116;2.3600006;37.09;42.9
122682116;1.1799927;36.56;43.43
122692128;0.020004272;36.15;43.84
122702112;-1.1300049;35.7;44.29
122712084;-2.2599945;35.26;44.73
122722068;-3.399994;34.76;45.23
122732080;-4.5200043;34.34;45.65
122742072;-5.6600037;33.81;46.18
122752060;-6.7700043;33.4;46.59
122762064;-7.880005;32.99;47.0
122772052;-8.949997;32.63;47.36
122782032;-9.9900055;32.3;47.69
122792024;-10.979996;32.02;47.97
122802044;-11.960007;31.68;48.31
122812020;-12.919998;31.33;48.66
122822004;-13.830002;31.1;48.89
122831988;-14.699997;30.85;49.14
122841980;-15.559998;30.57;49.42
122851984;-16.399994;30.26;49.73
122861964;-17.169998;30.14;49.85
122871972;-17.910004;29.95;50.04
122881936;-18.600006;29.81;50.18
122891944;-19.25;29.7;50.29
122901928;-19.839996;29.62;50.37
122911936;-20.39;29.54;50.45
122921924;-20.880005;29.51;50.48
122931932;-21.330002;29.48;50.51
122941904;-21.720001;29.5;50.49
122951904;-22.050003;29.54;50.45
122961876;-22.339996;29.57;50.42
122971876;-22.570007;29.69;50.3
122981892;-22.740005;29.81;50.18
122991872;-22.830002;30.01;49.98
123001868;-22.869995;30.18;49.81
123011852;-22.86;30.35;49.64
123021876;-22.789993;30.58;49.41
123031840;-22.669998;30.82;49.17
123041820;-22.490005;31.08;48.91
123051812;-22.25;31.38;48.61
123061820;-21.960007;31.67;48.32
123071808;-21.61;32.01;47.98
123081792;-21.199997;32.38;47.61
123091788;-20.75;32.73;47.26
123101780;-20.240005;33.12;46.87
123111780;-19.690002;33.52;46.47
123121756;-19.089996;33.91;46.08
123131756;-18.440002;34.34;45.65
123141772;-17.759995;34.75;45.24
123151768;-17.029999;35.24;44.75
123161744;-16.270004;35.65;44.34
123171756;-15.470001;36.1;43.89
123181728;-14.619995;36.63;43.36
123191736;-13.7599945;37.06;42.93
123201720;-12.850006;37.58;42.41
123211720;-11.910004;38.08;41.91
123221708;-10.949997;38.56;41.43
123231696;-9.949997;39.12;40.87
123241684;-8.940002;39.6;40.39
123251688;-7.899994;40.13;39.86
123261664;-6.8399963;40.63;39.36
123271664;-5.7599945;41.14;38.85
123281660;-4.669998;41.66;38.33
123291672;-3.5899963;42.07;37.92
123301640;-2.4900055;42.62;37.37
123311632;-1.3899994;43.08;36.91
123321620;-0.2899933;43.55;36.44
123331608;0.80000305;44.0;35.99
123341992;1.9100037;44.37;35.62
123351600;3.0299988;45.14;34.85
123361596;4.130005;45.41;34.58
123371564;5.2100067;45.82;34.17
123381568;6.279999;46.23;33.76
123391576;7.3399963;46.65;33.34
123401560;8.389999;47.02;32.97
123411552;9.399994;47.36;32.63
123421544;10.410004;47.77;32.22
123431536;11.389999;48.08;31.91
123441544;12.339996;48.41;31.58
123451516;13.270004;48.72;31.27
123461520;14.169998;48.97;31.02
123471896;15.029999;49.12;30.87
123481504;15.850006;49.57;30.42
123491480;16.64;49.66;30.33
123501484;17.39;49.86;30.13
123511868;18.100006;49.95;30.04
123521480;18.770004;50.24;29.75
123531452;19.39;50.3;29.69
123541440;19.979996;50.41;29.58
123551436;20.509995;50.45;29.54
123561440;20.979996;50.44;29.55
123571408;21.399994;50.46;29.53
123581424;21.759995;50.42;29.57
123591416;22.070007;50.39;29.6
123601396;22.330002;50.3;29.69
123611384;22.539993;50.22;29.77
123621364;22.679993;50.08;29.91
123631368;22.759995;49.9;30.09
123641384;22.779999;49.71;30.28
123651360;22.729996;49.46;30.53
123661336;22.64;49.26;30.73
123671324;22.479996;48.98;31.01
123681324;22.270004;48.72;31.27
123691324;22.0;48.4;31.59
123701300;21.669998;48.08;31.91
123711316;21.289993;47.73;32.26
123721300;20.86;47.41;32.58
123731280;20.380005;47.02;32.97
123741284;19.86;46.66;33.33
123751280;19.279999;46.24;33.75
123761284;18.649994;45.78;34.21
123771252;17.990005;45.38;34.61
123781252;17.270004;44.93;35.06
123791244;16.520004;44.48;35.51
123801244;15.720001;44.01;35.98
123811228;14.889999;43.52;36.47
123821220;14.020004;43.02;36.97
123831212;13.119995;42.55;37.44
123841204;12.190002;42.07;37.92
123851204;11.2400055;41.58;38.41
123861220;10.2599945;41.08;38.91
123871192;9.270004;40.6;39.39
123881176;8.2400055;40.04;39.95
123891172;7.199997;39.56;40.43
123901156;6.130005;39.04;40.95
123911140;5.050003;38.51;41.48
123921148;3.9600067;38.04;41.95
123931148;2.850006;37.52;42.47
123941120;1.7400055;37.04;42.95
123951140;0.6199951;36.53;43.46
123961132;-0.5;36.04;43.95
123971128;-1.6199951;35.58;44.41
123981092;-2.7200012;35.15;44.84
123991088;-3.8300018;34.69;45.3
124001080;-4.9400024;34.21;45.78
124011080;-6.0399933;33.76;46.23
124021076;-7.1399994;33.31;46.68
124031068;-8.210007;32.94;47.05
124041064;-9.2599945;32.58;47.41
124051056;-10.300003;32.18;47.81
124061036;-11.309998;31.81;48.18
124071032;-12.289993;31.52;48.47
124081024;-13.229996;31.27;48.72
124091044;-14.139999;30.99;49.0
124101012;-15.029999;30.67;49.32
124110992;-15.869995;30.46;49.53
124121000;-16.669998;30.26;49.73
124130972;-17.440002;30.05;49.94
124140984;-18.169998;29.89;50.1
124150976;-18.839996;29.76;50.23
124160948;-19.479996;29.64;50.35
124170944;-20.059998;29.54;50.45
124180944;-20.600006;29.48;50.51
124190916;-21.100006;29.4;50.59
124200932;-21.539993;29.4;50.59
124210936;-21.940002;29.4;50.59
124220920;-22.279999;29.43;50.56
124230912;-22.559998;29.52;50.47
124240904;-22.789993;29.58;50.41
124250888;-22.960007;29.71;50.28
124260896;-23.059998;29.89;50.1
124270896;-23.11;30.04;49.95
124280860;-23.11;30.23;49.76
124290876;-23.050003;30.44;49.55
124300848;-22.929993;30.68;49.31
124310856;-22.75;30.96;49.03
124320840;-22.520004;31.25;48.74
124330840;-22.220001;31.57;48.42
124340816;-21.880005;31.89;48.1
124350812;-21.470001;32.25;47.74
124360796;-21.029999;32.58;47.41
124370788;-20.529999;32.96;47.03
124380792;-19.990005;33.34;46.65
124390768;-19.410004;33.74;46.25
124400764;-18.779999;34.14;45.85
124410768;-18.11;34.55;45.44
124420760;-17.399994;35.01;44.98
124430768;-16.649994;35.45;44.54
124440764;-15.860001;35.93;44.06
124451136;-15.029999;36.3;43.69
124460744;-14.160004;37.0;42.99
124470740;-13.270004;37.34;42.65
124480724;-12.350006;37.84;42.15
124490716;-11.399994;38.36;41.63
124500720;-10.410004;38.89;41.1
124510708;-9.399994;39.4;40.59
124520700;-8.360001;39.91;40.08
124530700;-7.300003;40.46;39.53
124540676;-6.2100067;41.0;38.99
124550680;-5.119995;41.46;38.53
124560660;-4.0200043;41.98;38.01
124570632;-2.880005;42.57;37.42
124580656;-1.75;43.02;36.97
124590644;-0.6100006;43.54;36.45
124600644;0.5299988;44.04;35.95
124610604;1.6799927;44.54;35.45
124620612;2.800003;44.93;35.06
124630604;3.9199982;45.38;34.61
124640588;5.0399933;45.87;34.12
124650572;6.1600037;46.33;33.66
124660592;7.2700043;46.77;33.22
124670588;8.360001;47.17;32.82
124680572;9.419998;47.53;32.46
124690556;10.470001;47.94;32.05
124700560;11.4900055;48.24;31.75
124710536;12.479996;48.61;31.38
124720536;13.449997;48.93;31.06
124730520;14.389999;49.21;30.78
124740532;15.300003;49.51;30.48
124750524;16.160004;49.72;30.27
124760520;17.0;50.0;29.99
124770508;17.789993;50.16;29.83
124780504;18.529999;50.31;29.68
124790484;19.25;50.54;29.45
124800496;19.910004;50.62;29.37
124810468;20.520004;50.71;29.28
124820448;21.080002;50.81;29.18
124830440;21.600006;50.89;29.1
124840812;22.059998;50.82;29.17
124850428;22.479996;50.95;29.04
124860424;22.839996;50.86;29.13
124870404;23.14;50.81;29.18
124880412;23.380005;50.7;29.29
124890380;23.570007;50.61;29.38
124900380;23.699997;50.46;29.53
124910372;23.759995;50.26;29.73
124920364;23.740005;49.98;30.01
124930360;23.660004;49.73;30.26
124940336;23.5;49.41;30.58
124950340;23.289993;49.15;30.84
124960332;23.009995;48.81;31.18
124970328;22.669998;48.48;31.51
124980304;22.289993;48.17;31.82
124990320;21.86;47.79;32.2
125000308;21.36;47.39;32.6
125010320;20.809998;46.98;33.01
125020304;20.229996;46.6;33.39
125030284;19.589996;46.17;33.82
125040276;18.919998;45.76;34.23
125050264;18.190002;45.26;34.73
125060264;17.410004;44.77;35.22
125070256;16.600006;44.32;35.67
125080244;15.7400055;43.8;36.19
125090252;14.839996;43.27;36.72
125100240;13.910004;42.8;37.19
125110616;12.960007;42.41;37.58
125120216;11.970001;41.63;38.36
125130228;10.960007;41.28;38.71
125140212;9.919998;40.71;39.28
125150220;8.860001;40.23;39.76
125160188;7.779999;39.7;40.29
125170172;6.669998;39.11;40.88
125180160;5.550003;38.61;41.38
125190140;4.4100037;38.03;41.96
125200144;3.25;37.54;42.45
125210152;2.0899963;36.99;43.0
125220144;0.91999817;36.48;43.51
125230128;-0.2599945;35.96;44.03
125240144;-1.4400024;35.47;44.52
125250116;-2.6100006;34.99;45.0
125260108;-3.7599945;34.56;45.43
125270088;-4.9100037;34.05;45.94
125280088;-6.080002;33.54;46.45
125290096;-7.2400055;33.06;46.93
125300084;-8.389999;32.63;47.36
125310076;-9.5;32.27;47.72
125320468;-10.580002;32.05;47.94
125330052;-11.660004;31.32;48.67
125340072;-12.690002;31.19;48.8
125350060;-13.679993;30.9;49.09
125360036;-14.649994;30.55;49.44
125370032;-15.580002;30.29;49.7
125380024;-16.490005;30.01;49.98
125390016;-17.339996;29.82;50.17
125399996;-18.160004;29.57;50.42
125409988;-18.929993;29.41;50.58
125419988;-19.64;29.31;50.68
125429980;-20.320007;29.15;50.84
125439968;-20.940002;29.06;50.93
125449948;-21.5;29.03;50.96
125459964;-22.020004;28.94;51.05
125469960;-22.470001;28.97;51.02
125479932;-22.880005;28.96;51.03
125489948;-23.229996;29.0;50.99
125499932;-23.509995;29.09;50.9
125509932;-23.740005;29.18;50.81
125519908;-23.910004;29.3;50.69
125529892;-24.029999;29.44;50.55
125539912;-24.080002;29.64;50.35
125549892;-24.080002;29.82;50.17
125559904;-24.009995;30.05;49.94
125569876;-23.89;30.29;49.7
125579864;-23.699997;30.59;49.4
125589844;-23.470001;30.85;49.14
125599828;-23.169998;31.17;48.82
125609840;-22.820007;31.5;48.49
125619832;-22.429993;31.81;48.18
125629808;-21.979996;32.18;47.81
125639800;-21.479996;32.58;47.41
125649788;-20.940002;32.95;47.04
125659800;-20.350006;33.34;46.65
125669788;-19.699997;33.83;46.16
125679780;-19.009995;34.25;45.74
125689772;-18.270004;34.72;45.27
125699752;-17.5;35.18;44.81
125709768;-16.679993;35.64;44.35
125719748;-15.820007;36.17;43.82
125729764;-14.940002;36.62;43.37
125739744;-14.0099945;37.18;42.81
125749740;-13.050003;37.67;42.32
125759744;-12.070007;38.16;41.83
125769724;-11.059998;38.66;41.33
125779720;-10.029999;39.21;40.78
125789712;-8.970001;39.72;40.27
125799716;-7.899994;40.24;39.75
125809692;-6.7899933;40.82;39.17
125819684;-5.669998;41.33;38.66
125829676;-4.5599976;41.78;38.21
125839656;-3.4299927;42.33;37.66
125849664;-2.2799988;42.86;37.13
125859684;-1.1300049;43.32;36.67
125869668;0.009994507;43.82;36.17
125879632;1.1699982;44.37;35.62
125889616;2.3300018;44.85;35.14
125899604;3.4799957;45.32;34.67
125909608;4.630005;45.8;34.19
125919592;5.779999;46.28;33.71
125929588;6.919998;46.71;33.28
125939592;8.039993;47.16;32.83
125949596;9.149994;47.54;32.45
125959580;10.229996;47.95;32.04
125969552;11.300003;48.35;31.64
125979552;12.339996;48.7;31.29
125989556;13.350006;49.02;30.97
125999568;14.339996;49.37;30.62
126009552;15.309998;49.69;30.3
126019532;16.229996;49.95;30.04
126029528;17.130005;50.23;29.76
126039528;17.979996;50.46;29.53
126049516;18.809998;50.71;29.28
126059492;19.589996;50.92;29.07
126069492;20.320007;51.02;28.97
126079488;21.009995;51.18;28.81
126089464;21.649994;51.31;28.68
126099464;22.229996;51.33;28.66
126109464;22.759995;51.42;28.57
126119448;23.25;51.45;28.54
126129432;23.669998;51.42;28.57
126139420;24.020004;51.35;28.64
126149416;24.279999;51.15;28.84
126159412;24.350006;50.54;29.45
126169388;24.210007;49.76;30.23
126179380;23.940002;49.24;30.75
126189376;23.600006;48.84;31.15
126199372;23.190002;48.47;31.52
126209364;22.720001;48.02;31.97
126219356;22.190002;47.62;32.37
126229360;21.600006;47.18;32.81
126239344;20.960007;46.76;33.23
126249324;20.300003;46.38;33.61
126259328;19.61;46.0;33.99
126269324;18.869995;45.5;34.49
126279700;18.080002;45.14;34.85
126289316;17.279999;44.54;35.45
126299296;16.410004;44.04;35.95
126309300;15.4900055;43.48;36.51
126319292;14.529999;42.96;37.03
126329276;13.539993;42.42;37.57
126339268;12.529999;41.93;38.06
126349264;11.4900055;41.38;38.61
126359264;10.429993;40.89;39.1
126369284;9.350006;40.35;39.64
126379244;8.2599945;39.84;40.15
126389236;7.119995;39.22;40.77
126399224;5.9600067;38.67;41.32
126409216;4.800003;38.13;41.86
126419212;3.6100006;37.58;42.41
126429204;2.4199982;37.03;42.96
126439224;1.2100067;36.51;43.48
126449212;0.039993286;36.1;43.89
126459176;-1.1300049;35.61;44.38
126469156;-2.300003;35.11;44.88
126479156;-3.4799957;34.59;45.4
126489156;-4.669998;34.07;45.92
126499144;-5.8399963;33.6;46.39
126509144;-7.0;33.17;46.82
126519128;-8.139999;32.76;47.23
126529136;-9.2400055;32.4;47.59
126539128;-10.330002;31.98;48.01
126549112;-11.410004;31.58;48.41
126559100;-12.460007;31.22;48.77
126569100;-13.470001;30.93;49.06
126579092;-14.449997;30.59;49.4
126589072;-15.429993;30.19;49.8
126599056;-16.380005;29.92;50.07
126609060;-17.270004;29.69;50.3
126619440;-18.130005;29.56;50.43
126629044;-18.949997;29.13;50.86
126639036;-19.720001;29.08;50.91
126649036;-20.429993;28.96;51.03
126659032;-21.11;28.83;51.16
126669008;-21.720001;28.74;51.25
126678992;-22.279999;28.7;51.29
126688980;-22.789993;28.67;51.32
126698976;-23.229996;28.69;51.3
126708988;-23.630005;28.67;51.32
126718968;-23.960007;28.74;51.25
126728956;-24.240005;28.79;51.2
126738964;-24.460007;28.93;51.06
126748944;-24.630005;29.01;50.98
126758932;-24.729996;29.17;50.82
126768932;-24.770004;29.38;50.61
126779328;-24.75;29.58;50.41
126788924;-24.669998;29.85;50.14
126798904;-24.529999;30.07;49.92
126808900;-24.339996;30.35;49.64
126818896;-24.080002;30.65;49.34
126828880;-23.770004;30.99;49.0
126838876;-23.39;31.34;48.65
126849264;-22.970001;31.64;48.35
126858868;-22.490005;32.15;47.84
126868856;-21.949997;32.48;47.51
126878844;-21.380005;32.87;47.12
126888844;-20.75;33.3;46.69
126898856;-20.089996;33.7;46.29
126908828;-19.369995;34.2;45.79
126918808;-18.61;34.65;45.34
126928824;-17.800003;35.15;44.84
126938820;-16.949997;35.65;44.34
126948828;-16.080002;36.11;43.88
126958792;-15.149994;36.68;43.31
126968792;-14.190002;37.19;42.8
126978792;-13.199997;37.7;42.29
126988784;-12.190002;38.23;41.76
126998760;-11.130005;38.81;41.18
127008760;-10.059998;39.31;40.68
127018756;-8.949997;39.89;40.1
127028776;-7.830002;40.44;39.55
127038740;-6.6799927;40.99;39.0
127048720;-5.5200043;41.56;38.43
127058700;-4.330002;42.12;37.87
127068712;-3.149994;42.59;37.4
127078704;-1.9600067;43.17;36.82
127088700;-0.7400055;43.74;36.25
127098712;0.47999573;44.25;35.74
127108680;1.6900024;44.76;35.23
127118664;2.899994;45.28;34.71
127128644;4.1100006;45.78;34.21
127138640;5.3099976;46.24;33.75
127148652;6.4900055;46.67;33.32
127158648;7.649994;47.11;32.88
127168632;8.809998;47.59;32.4
127178624;9.949997;48.02;31.97
127188628;11.070007;48.41;31.58
127198608;12.169998;48.83;31.16
127208616;13.229996;49.13;30.86
127218592;14.2599945;49.47;30.52
127228600;15.2599945;49.8;30.19
127238604;16.240005;50.13;29.86
127248584;17.169998;50.36;29.63
127258556;18.070007;50.66;29.33
127268548;18.919998;50.86;29.13
127278564;19.740005;51.06;28.93
127288548;20.5;51.24;28.75
127298532;21.240005;51.44;28.55
127308528;21.910004;51.52;28.47
127318524;22.520004;51.56;28.43
127328508;23.089996;51.68;28.31
127338492;23.600006;51.67;28.32
127348492;24.029999;51.63;28.36
127358504;24.410004;51.57;28.42
127368460;24.589996;51.03;28.96
127378448;24.5;50.05;29.94
127388452;24.210007;49.27;30.72
127398440;23.839996;48.86;31.13
127408412;23.419998;48.5;31.49
127418416;22.929993;48.08;31.91
127428424;22.369995;47.59;32.4
127438408;21.720001;47.02;32.97
127448416;21.020004;46.58;33.41
127458400;20.279999;46.11;33.88
127468396;19.520004;45.71;34.28
127478388;18.729996;45.31;34.68
127488384;17.910004;44.83;35.16
127498368;17.059998;44.39;35.6
127508360;16.160004;43.81;36.18
127518364;15.190002;43.2;36.79
127528344;14.190002;42.66;37.33
127538336;13.130005;42.03;37.96
127548328;12.050003;41.48;38.51
127558328;10.949997;40.97;39.02
127568324;9.839996;40.45;39.54
127578316;8.699997;39.88;40.11
127588324;7.550003;39.39;40.6
127598284;6.399994;38.83;41.16
127608276;5.220001;38.28;41.71
127618268;4.0;37.61;42.38
127628280;2.7599945;37.05;42.94
127638272;1.5200043;36.51;43.48
127648260;0.27999878;35.96;44.03
127658256;-0.9700012;35.41;44.58
127668240;-2.2200012;34.91;45.08
127678224;-3.4199982;34.52;45.47
127688224;-4.6100006;34.08;45.91
127698224;-5.800003;33.57;46.42
127708212;-7.0;33.02;46.97
127718216;-8.210007;32.5;47.49
127728208;-9.389999;32.09;47.9
127738188;-10.539993;31.69;48.3
127748176;-11.660004;31.32;48.67
127758172;-12.7599945;30.92;49.07
127768184;-13.830002;30.6;49.39
127778156;-14.830002;30.36;49.63
127788152;-15.809998;30.06;49.93
127798144;-16.759995;29.73;50.26
127808124;-17.679993;29.45;50.54
127818120;-18.550003;29.24;50.75
127828108;-19.380005;29.0;50.99
127838116;-20.169998;28.82;51.17
127848092;-20.910004;28.68;51.31
127858092;-21.580002;28.63;51.36
127868068;-22.210007;28.51;51.48
127878060;-22.770004;28.49;51.5
127888052;-23.279999;28.42;51.57
127898456;-23.729996;28.51;51.48
127908044;-24.130005;28.39;51.6
127918044;-24.470001;28.52;51.47
127928020;-24.729996;28.64;51.35
127938020;-24.929993;28.77;51.22
127948028;-25.070007;28.92;51.07
127958020;-25.149994;29.08;50.91
127967996;-25.160004;29.33;50.66
127978020;-25.11;29.53;50.46
127987988;-25.0;29.79;50.2
127997968;-24.820007;30.08;49.91
128007960;-24.589996;30.35;49.64
128017964;-24.300003;30.7;49.29
128027940;-23.949997;31.02;48.97
128037936;-23.539993;31.41;48.58
128047944;-23.070007;31.77;48.22
128057924;-22.550003;32.2;47.79
128067924;-21.970001;32.63;47.36
128077904;-21.339996;33.05;46.94
128087900;-20.660004;33.53;46.46
128097920;-19.940002;33.95;46.04
128107904;-19.169998;34.44;45.55
128117880;-18.350006;34.98;45.01
128127896;-17.5;35.41;44.58
128137888;-16.61;35.96;44.03
128147892;-15.679993;36.43;43.56
128157872;-14.720001;36.98;43.01
128167876;-13.729996;37.49;42.5
128177848;-12.690002;38.09;41.9
128187860;-11.639999;38.58;41.41
128197832;-10.559998;39.13;40.86
128207824;-9.460007;39.67;40.32
128217840;-8.339996;40.19;39.8
128227828;-7.1900024;40.8;39.19
128237808;-6.0200043;41.36;38.63
128247796;-4.850006;41.82;38.17
128257784;-3.6699982;42.41;37.58
128267784;-2.4799957;42.89;37.1
128277772;-1.3099976;43.36;36.63
128287768;-0.13000488;43.86;36.13
128297768;1.0599976;44.41;35.58
128307752;2.2400055;44.89;35.1
128317728;3.4100037;45.33;34.66
128327724;4.5700073;45.83;34.16
128337704;5.7299957;46.3;33.69
128347716;6.869995;46.71;33.28
128357728;7.9900055;47.11;32.88
128367736;9.089996;47.49;32.5
128377720;10.160004;47.86;32.13
128387700;11.199997;48.24;31.75
128397672;12.220001;48.58;31.41
128407672;13.220001;48.9;31.09
128417684;14.179993;49.21;30.78
128427660;15.100006;49.48;30.51
128437660;16.0;49.74;30.25
128447640;16.850006;49.97;30.02
128457624;17.660004;50.2;29.79
128467612;18.429993;50.37;29.62
128477624;19.160004;50.52;29.47
128487620;19.850006;50.7;29.29
128497608;20.479996;50.77;29.22
128507600;21.059998;50.87;29.12
128517600;21.61;50.97;29.02
128527592;22.089996;50.96;29.03
128537556;22.520004;50.97;29.02
128547580;22.910004;50.98;29.01
128557560;23.229996;50.91;29.08
128567544;23.5;50.86;29.13
128577528;23.710007;50.73;29.26
128587532;23.86;50.6;29.39
128597532;23.940002;50.4;29.59
128607504;23.960007;50.2;29.79
128617488;23.89;49.88;30.11
128627480;23.759995;49.6;30.39
128637484;23.559998;49.31;30.68
128647460;23.300003;48.99;31.0
128657452;22.979996;48.66;31.33
128667464;22.600006;48.32;31.67
128677444;22.169998;47.93;32.06
128687436;21.690002;47.58;32.41
128697428;21.160004;47.17;32.82
128707420;20.580002;46.77;33.22
128717432;19.940002;46.31;33.68
128727812;19.259995;45.97;34.02
128737408;18.550003;45.39;34.6
128747404;17.779999;44.96;35.03
128757392;16.970001;44.48;35.51
128767392;16.119995;43.97;36.02
128777372;15.229996;43.46;36.53
128787388;14.300003;42.95;37.04
128797360;13.339996;42.44;37.55
128807360;12.360001;41.96;38.03
128817344;11.339996;41.4;38.59
128827336;10.309998;40.91;39.08
128837344;9.2400055;40.35;39.64
128847336;8.149994;39.83;40.16
128857308;7.0700073;39.36;40.63
128867292;5.9400024;38.77;41.22
128877308;4.7899933;38.2;41.79
128887692;3.649994;37.87;42.12
128897276;2.5;37.05;42.94
128907300;1.3300018;36.68;43.31
128917272;0.1499939;36.1;43.89
128927276;-1.0299988;35.64;44.35
128937248;-2.1900024;35.18;44.81
128947236;-3.3399963;34.76;45.23
128957236;-4.4900055;34.26;45.73
128967232;-5.6399994;33.79;46.2
128977216;-6.779999;33.32;46.67
128987224;-7.9100037;32.87;47.12
128997224;-9.029999;32.44;47.55
129007216;-10.100006;32.14;47.85
129017188;-11.139999;31.81;48.18
129027192;-12.160004;31.44;48.55
129037176;-13.139999;31.15;48.84
129047184;-14.080002;30.9;49.09
129057172;-14.9900055;30.62;49.37
129067148;-15.880005;30.32;49.67
129077156;-16.720001;30.13;49.86
129087128;-17.5;29.98;50.01
129097136;-18.25;29.78;50.21
129107108;-18.960007;29.58;50.41
129117112;-19.619995;29.51;50.48
129127108;-20.220001;29.43;50.56
129137104;-20.779999;29.34;50.65
129147100;-21.279999;29.32;50.67
129157080;-21.729996;29.3;50.69
129167076;-22.130005;29.3;50.69
129177076;-22.470001;29.35;50.64
129187048;-22.759995;29.41;50.58
129197044;-22.979996;29.53;50.46
129207040;-23.130005;29.7;50.29
129217024;-23.229996;29.82;50.17
129227016;-23.270004;30.02;49.97
129237020;-23.25;30.22;49.77
129247036;-23.169998;30.45;49.54
129257004;-23.039993;30.68;49.31
129266992;-22.839996;30.98;49.01
129276968;-22.600006;31.24;48.75
129286980;-22.309998;31.54;48.45
129296972;-21.949997;31.88;48.11
129306968;-21.550003;32.22;47.77
129316952;-21.100006;32.57;47.42
129326948;-20.589996;32.97;47.02
129336944;-20.050003;33.33;46.66
129346916;-19.449997;33.76;46.23
129356908;-18.809998;34.16;45.83
129366928;-18.119995;34.62;45.37
129376920;-17.399994;35.04;44.95
129386920;-16.64;35.49;44.5
129396932;-15.830002;35.99;44.0
129406912;-14.9900055;36.45;43.54
129416896;-14.110001;36.96;43.03
129426888;-13.210007;37.41;42.58
129436880;-12.279999;37.92;42.07
129446872;-11.309998;38.45;41.54
129457244;-10.300003;38.87;41.12
129466856;-9.270004;39.65;40.34
129476844;-8.210007;40.04;39.95
129486844;-7.1399994;40.56;39.43
129496836;-6.050003;41.08;38.91
129506816;-4.9400024;41.59;38.4
129516808;-3.8099976;42.15;37.84
129526804;-2.6799927;42.66;37.33
129536812;-1.550003;43.08;36.91
129546792;-0.41999817;43.61;36.38
129556804;0.7200012;44.09;35.9
129566772;1.8399963;44.53;35.46
129576760;2.949997;44.94;35.05
129586760;4.0599976;45.42;34.57
129596748;5.169998;45.88;34.11
129606736;6.2700043;46.33;33.66
129616756;7.350006;46.72;33.27
129626736;8.419998;47.13;32.86
129636720;9.460007;47.48;32.51
129646736;10.4900055;47.86;32.13
129656700;11.479996;48.18;31.81
129666692;12.449997;48.48;31.51
129676684;13.389999;48.81;31.18
129686680;14.300003;49.09;30.9
129696680;15.179993;49.36;30.63
129706656;16.020004;49.59;30.4
129716660;16.820007;49.79;30.2
129726652;17.589996;49.99;30.0
129736636;18.309998;50.16;29.83
129746644;19.0;50.34;29.65
129756624;19.649994;50.47;29.52
129766624;20.240005;50.54;29.45
129776608;20.789993;50.63;29.36
129786620;21.279999;50.64;29.35
129796616;21.720001;50.65;29.34
129806584;22.11;50.66;29.33
129816560;22.440002;50.6;29.39
129826584;22.729996;50.59;29.4
129836568;22.970001;50.51;29.48
129846544;23.14;50.38;29.61
129856532;23.259995;50.24;29.75
129866528;23.320007;50.08;29.91
129876524;23.330002;49.9;30.09
129886520;23.270004;49.65;30.34
129896496;23.160004;49.41;30.58
129906504;22.979996;49.13;30.86
129916492;22.75;48.87;31.12
129926864;22.460007;48.58;31.41
129936476;22.119995;48.16;31.83
129946484;21.720001;47.86;32.13
129956468;21.270004;47.52;32.47
129966448;20.770004;47.09;32.9
129976448;20.220001;46.72;33.27
129986444;19.619995;46.31;33.68
129996444;18.970001;45.88;34.11
130006416;18.289993;45.47;34.52
130016408;17.559998;45.0;34.99
130026400;16.800003;44.56;35.43
130036400;16.0;44.1;35.89
130046404;15.149994;43.58;36.41
130056404;14.270004;43.1;36.89
130066372;13.369995;42.66;37.33
130076364;12.429993;42.12;37.87
130086372;11.4900055;41.71;38.28
130096356;10.520004;41.21;38.78
130106356;9.5;40.63;39.36
130116344;8.479996;40.2;39.79
130126352;7.4400024;39.69;40.3
130136320;6.380005;39.14;40.85
130146300;5.3099976;38.68;41.31
130156304;4.2299957;38.17;41.82
130166272;3.149994;37.72;42.27
130176296;2.050003;37.2;42.79
130186288;0.94999695;36.74;43.25
130196292;-0.13000488;36.33;43.66
130206272;-1.2100067;35.87;44.12
130216256;-2.2899933;35.42;44.57
130226240;-3.369995;34.98;45.01
130236256;-4.4299927;34.58;45.41
130246232;-5.5;34.12;45.87
130256224;-6.529999;33.78;46.21
130266228;-7.5599976;33.38;46.61
130276224;-8.539993;33.11;46.88
130286212;-9.4900055;32.82;47.17
130296208;-10.410004;32.5;47.49
130306184;-11.320007;32.18;47.81
130316192;-12.199997;31.88;48.11
130326188;-13.050003;31.64;48.35
130336172;-13.860001;31.43;48.56
130346172;-14.649994;31.16;48.83
130356164;-15.399994;30.98;49.01
130366140;-16.11;30.81;49.18
130376152;-16.779999;30.68;49.31
130386124;-17.410004;30.52;49.47
130396112;-17.990005;30.45;49.54
130406100;-18.520004;30.38;49.61
130416112;-19.009995;30.31;49.68
130426100;-19.449997;30.31;49.68
130436112;-19.830002;30.32;49.67
130446104;-20.179993;30.3;49.69
130456092;-20.460007;30.39;49.6
130466072;-20.690002;30.46;49.53
130476064;-20.86;30.61;49.38
130486052;-20.979996;30.72;49.27
130496056;-21.050003;30.87;49.12
130506056;-21.059998;31.03;48.96
130516032;-21.020004;31.25;48.74
130526028;-20.929993;31.42;48.57
130536012;-20.779999;31.7;48.29
130546000;-20.580002;31.94;48.05
130555996;-20.330002;32.22;47.77
130566004;-20.029999;32.52;47.47
130575988;-19.679993;32.85;47.14
130585968;-19.270004;33.21;46.78
130596356;-18.820007;33.47;46.52
130605940;-18.339996;33.91;46.08
130615936;-17.800003;34.26;45.73
130625948;-17.229996;34.6;45.39
130635940;-16.61;35.04;44.95
130645936;-15.949997;35.44;44.55
130655932;-15.2599945;35.82;44.17
130665940;-14.520004;36.31;43.68
130675908;-13.770004;36.68;43.31
130685900;-12.979996;37.15;42.84
130695900;-12.160004;37.58;42.41
130705904;-11.309998;38.03;41.96
130715884;-10.429993;38.54;41.45
130725876;-9.520004;38.99;41.0
130735884;-8.589996;39.45;40.54
130745864;-7.6399994;39.93;40.06
130755840;-6.669998;40.44;39.55
130765836;-5.669998;40.9;39.09
130775840;-4.6900024;41.3;38.69
130785848;-3.6699982;41.82;38.17
130795836;-2.649994;42.29;37.7
130805820;-1.6199951;42.76;37.23
130815816;-0.58999634;43.19;36.8
130825824;0.44999695;43.66;36.33
130835788;1.5099945;44.16;35.83
130845772;2.5700073;44.62;35.37
130855784;3.6100006;44.99;35.0
130865760;4.6399994;45.43;34.56
130875748;5.669998;45.83;34.16
130885752;6.6900024;46.23;33.76
130895744;7.699997;46.63;33.36
130905732;8.699997;47.02;32.97
130915736;9.679993;47.34;32.65
130926116;10.639999;47.6;32.39
130935720;11.570007;48.12;31.87
130945688;12.479996;48.32;31.67
130955688;13.350006;48.57;31.42
130965684;14.210007;48.88;31.11
130975680;15.029999;49.08;30.91
130985676;15.809998;49.3;30.69
130995660;16.550003;49.49;30.5
131005656;17.270004;49.69;30.3
131015656;17.949997;49.86;30.13
131025652;18.580002;49.97;30.02
131035648;19.179993;50.1;29.89
131045628;19.729996;50.19;29.8
131055620;20.229996;50.22;29.77
131065608;20.679993;50.27;29.72
131075624;21.089996;50.29;29.7
131085596;21.440002;50.24;29.75
131095584;21.75;50.23;29.76
131105580;22.009995;50.17;29.82
131115580;22.210007;50.09;29.9
131125572;22.36;49.95;30.04
131135548;22.460007;49.86;30.13
131145556;22.509995;49.68;30.31
131155536;22.5;49.49;30.5
131165528;22.440002;49.28;30.71
131175512;22.330002;49.07;30.92
131185504;22.149994;48.77;31.22
131195508;21.919998;48.52;31.47
131205484;21.630005;48.2;31.79
131215480;21.300003;47.92;32.07
131225472;20.919998;47.58;32.41
131235460;20.490005;47.23;32.76
131245468;20.009995;46.86;33.13
131255468;19.470001;46.44;33.55
131265464;18.899994;46.08;33.91
131275432;18.270004;45.65;34.34
131285436;17.619995;45.27;34.72
131295420;16.919998;44.83;35.16
131305408;16.179993;44.37;35.62
131315408;15.399994;43.92;36.07
131325400;14.589996;43.46;36.53
131335372;13.7400055;42.98;37.01
131345768;12.860001;42.63;37.36
131355372;11.960007;41.93;38.06
131365376;11.020004;41.54;38.45
131375364;10.059998;41.05;38.94
131385756;9.080002;40.7;39.29
131395340;8.080002;39.94;40.05
131405344;7.0700073;39.6;40.39
131415320;6.029999;39.08;40.91
131425296;4.9799957;38.59;41.4
131435320;3.9199982;38.14;41.85
131445316;2.850006;37.63;42.36
131455300;1.7700043;37.16;42.83
131465312;0.69000244;36.69;43.3
131475296;-0.38000488;36.25;43.74
131485296;-1.449997;35.83;44.16
131495256;-2.4900055;35.45;44.54
131505244;-3.5399933;35.02;44.97
131515244;-4.5899963;34.55;45.44
131525236;-5.630005;34.14;45.85
131535224;-6.669998;33.71;46.28
131545236;-7.6799927;33.38;46.61
131555228;-8.649994;33.1;46.89
131565220;-9.580002;32.81;47.18
131575200;-10.5099945;32.45;47.54
131585208;-11.399994;32.2;47.8
131595216;-12.25;32.0;47.99
131605200;-13.059998;31.78;48.21
131615184;-13.839996;31.5;48.49
131625164;-14.600006;31.3;48.69
131635156;-15.300003;31.19;48.8
131645152;-15.979996;30.97;49.02
131655148;-16.619995;30.82;49.17
131665148;-17.220001;30.72;49.27
131675132;-17.770004;30.64;49.35
131685120;-18.279999;30.54;49.45
131695116;-18.75;30.51;49.48
131705088;-19.169998;30.48;49.51
131715100;-19.539993;30.48;49.51
131725104;-19.86;30.51;49.48
131735104;-20.130005;30.58;49.41
131745076;-20.36;30.63;49.36
131755072;-20.520004;30.75;49.24
131765052;-20.649994;30.82;49.17
131775040;-20.729996;30.96;49.03
131785036;-20.75;31.16;48.83
131795032;-20.710007;31.34;48.65
131805424;-20.619995;31.56;48.43
131815032;-20.490005;31.79;48.2
131825004;-20.300003;32.04;47.95
131835004;-20.059998;32.29;47.7
131845000;-19.779999;32.57;47.42
131854992;-19.440002;32.88;47.11
131864980;-19.059998;33.19;46.8
131874948;-18.64;33.52;46.47
131884948;-18.179993;33.85;46.14
131894940;-17.660004;34.23;45.76
131904940;-17.11;34.58;45.41
131915344;-16.529999;34.88;45.11
131924936;-15.910004;35.4;44.59
131934932;-15.2599945;35.73;44.26
131944940;-14.559998;36.15;43.84
131954924;-13.830002;36.58;43.41
131964904;-13.059998;37.03;42.96
131974908;-12.279999;37.41;42.58
131984912;-11.470001;37.85;42.14
131994888;-10.610001;38.35;41.64
132004880;-9.7400055;38.78;41.21
132014872;-8.839996;39.26;40.73
132024888;-7.9299927;39.69;40.3
132034852;-6.9799957;40.2;39.79
132044848;-6.0200043;40.66;39.33
132054844;-5.050003;41.08;38.91
132064840;-4.080002;41.53;38.46
132074832;-3.0800018;42.03;37.96
132084836;-2.0899963;42.42;37.57
132094828;-1.0899963;42.86;37.13
132104836;-0.08999634;43.27;36.72
132114800;0.91000366;43.76;36.23
132124784;1.9100037;44.12;35.87
132134768;2.8899994;44.51;35.48
132144784;3.8899994;44.96;35.03
132154764;4.880005;45.36;34.63
132164748;5.850006;45.71;34.28
132174732;6.7899933;46.04;33.95
132184732;7.720001;46.36;33.63
132194740;8.639999;46.72;33.27
132204732;9.550003;47.05;32.94
132214720;10.429993;47.37;32.62
132224712;11.289993;47.62;32.37
132234712;12.119995;47.9;32.09
132244680;12.919998;48.15;31.84
132254692;13.699997;48.37;31.62
132264716;14.429993;48.56;31.43
132274700;15.149994;48.79;31.2
132284668;15.820007;48.93;31.06
132294688;16.460007;49.09;30.9
132304676;17.059998;49.24;30.75
132314644;17.619995;49.32;30.67
132325024;18.149994;49.39;30.6
132334628;18.64;49.59;30.4
132344612;19.080002;49.52;30.47
132354612;19.479996;49.57;30.42
132364608;19.820007;49.53;30.46
132374600;20.119995;49.51;30.48
132384596;20.369995;49.46;30.53
132394600;20.570007;49.38;30.61
132404576;20.720001;49.27;30.72
132414552;20.820007;49.16;30.83
132424548;20.869995;48.98;31.01
132434932;20.869995;48.84;31.15
132444544;20.820007;48.65;31.34
132454512;20.729996;48.45;31.54
132464520;20.570007;48.19;31.8
132474516;20.369995;47.93;32.06
132484508;20.119995;47.69;32.3
132494488;19.820007;47.39;32.6
132504472;19.479996;47.12;32.87
132514468;19.100006;46.81;33.18
132524468;18.679993;46.5;33.49
132534452;18.210007;46.14;33.85
132544448;17.699997;45.78;34.21
132554448;17.149994;45.41;34.58
132564456;16.559998;45.05;34.94
132574432;15.929993;44.62;35.37
132584432;15.2599945;44.24;35.75
132594416;14.559998;43.83;36.16
132604400;13.830002;43.41;36.58
132614396;13.059998;42.97;37.02
132624388;12.270004;42.55;37.44
132634400;11.460007;42.15;37.84
132644396;10.610001;41.66;38.33
132654372;9.75;41.25;38.74
132664372;8.869995;40.82;39.17
132674352;7.970001;40.36;39.63
132684328;7.0599976;39.95;40.04
132694340;6.1399994;39.54;40.45
132704304;5.1900024;39.0;40.99
132714320;4.2299957;38.62;41.37
132724316;3.2799988;38.2;41.79
132734284;2.3099976;37.75;42.24
132744308;1.3500061;37.35;42.64
132754308;0.38000488;36.94;43.05
132764312;-0.5700073;36.58;43.41
132774284;-1.5099945;36.22;43.77
132784260;-2.4400024;35.85;44.14
132794252;-3.380005;35.42;44.57
132804252;-4.3200073;35.03;44.96
132814248;-5.2700043;34.62;45.37
132824236;-6.1799927;34.34;45.65
132834228;-7.0599976;34.07;45.92
132844224;-7.9299927;33.75;46.24
132854224;-8.770004;33.48;46.51
132864216;-9.600006;33.15;46.84
132874204;-10.410004;32.9;47.09
132884180;-11.169998;32.71;47.28
132894200;-11.919998;32.47;47.52
132904180;-12.660004;32.15;47.84
132914192;-13.360001;32.04;47.95
132924156;-14.0099945;31.88;48.11
132934160;-14.639999;31.71;48.28
132944144;-15.229996;31.55;48.44
132954140;-15.779999;31.5;48.49
132964128;-16.279999;31.44;48.55
132974132;-16.75;31.32;48.67
132984136;-17.179993;31.31;48.68
132994108;-17.550003;31.31;48.68
133004120;-17.89;31.29;48.7
133014092;-18.169998;31.38;48.61
133024080;-18.410004;31.41;48.58
133034068;-18.600006;31.46;48.53
133044080;-18.75;31.57;48.42
133054080;-18.839996;31.72;48.27
133064080;-18.89;31.83;48.16
133074056;-18.89;32.02;47.97
133084048;-18.839996;32.19;47.8
133094040;-18.740005;32.4;47.59
133104020;-18.600006;32.59;47.4
133113996;-18.419998;32.8;47.19
133124000;-18.190002;33.07;46.92
133133992;-17.919998;33.31;46.68
133143976;-17.600006;33.61;46.38
133153968;-17.240005;33.88;46.11
133163960;-16.850006;34.2;45.79
133173960;-16.399994;34.53;45.46
133183964;-15.929993;34.83;45.16
133193948;-15.419998;35.17;44.82
133203944;-14.869995;35.52;44.47
133213932;-14.279999;35.92;44.07
133223936;-13.679993;36.22;43.77
133233920;-13.029999;36.63;43.36
133243924;-12.360001;37.02;42.97
133253904;-11.660004;37.4;42.59
133263912;-10.929993;37.8;42.19
133273892;-10.169998;38.24;41.75
133283884;-9.389999;38.61;41.38
133294264;-8.589996;38.94;41.05
133303872;-7.7599945;39.57;40.42
133313856;-6.9100037;39.92;40.07
133323840;-6.0399933;40.33;39.66
133333872;-5.1600037;40.76;39.23
133343840;-4.2599945;41.2;38.79
133353828;-3.350006;41.61;38.38
133363828;-2.4299927;42.03;37.96
133373820;-1.5099945;42.42;37.57
133383836;-0.58000183;42.83;37.16
133393836;0.33999634;43.22;36.77
133403804;1.25;43.59;36.4
133413800;2.1699982;43.98;36.01
133423776;3.100006;44.39;35.6
133433772;4.0099945;44.76;35.23
133443756;4.919998;45.09;34.9
133453740;5.800003;45.4;34.59
133463744;6.6600037;45.68;34.31
133473744;7.5200043;46.04;33.95
133483724;8.350006;46.32;33.67
133493736;9.179993;46.63;33.36
133503712;9.979996;46.88;33.11
133513732;10.7400055;47.09;32.9
133524112;11.4900055;47.26;32.73
133533720;12.210007;47.66;32.33
133543688;12.899994;47.78;32.21
133553692;13.559998;47.93;32.06
133563680;14.179993;48.06;31.93
133573664;14.770004;48.23;31.76
133583656;15.320007;48.33;31.66
133593652;15.850006;48.45;31.54
133603656;16.330002;48.54;31.45
133613652;16.770004;48.56;31.43
133623624;17.169998;48.61;31.38
133633624;17.529999;48.62;31.37
133643612;17.86;48.65;31.34
133653588;18.14;48.62;31.37
133663580;18.369995;48.54;31.45
133673580;18.559998;48.47;31.52
133683568;18.699997;48.38;31.61
133693592;18.800003;48.3;31.69
133703576;18.86;48.17;31.82
133713560;18.880005;48.05;31.94
133723548;18.839996;47.86;32.13
133733528;18.759995;47.68;32.31
133743524;18.630005;47.44;32.55
133753520;18.449997;47.21;32.78
133763508;18.229996;46.99;33.0
133773492;17.970001;46.72;33.27
133783488;17.660004;46.45;33.54
133793472;17.309998;46.16;33.83
133803476;16.929993;45.88;34.11
133813460;16.490005;45.51;34.48
133823456;16.020004;45.21;34.78
133833444;15.520004;44.89;35.1
133843456;14.979996;44.55;35.44
133853436;14.399994;44.16;35.83
133863436;13.789993;43.79;36.2
133873412;13.139999;43.4;36.59
133883420;12.449997;42.98;37.01
133893404;11.75;42.64;37.35
133903392;11.020004;42.21;37.78
133913404;10.25;41.79;38.2
133923396;9.479996;41.42;38.57
133933388;8.669998;40.98;39.01
133943372;7.850006;40.6;39.39
133953360;7.0099945;40.16;39.83
133963360;6.1600037;39.77;40.22
133973324;5.3099976;39.4;40.59
133983332;4.4299927;38.92;41.07
133993316;3.5299988;38.51;41.48
134003328;2.630005;38.12;41.87
134013308;1.7200012;37.68;42.31
134023312;0.8200073;37.33;42.66
134033308;-0.1000061;36.91;43.08
134043300;-1.0299988;36.46;43.53
134053304;-1.9400024;36.15;43.84
134063268;-2.8300018;35.8;44.19
134073264;-3.7200012;35.47;44.52
134083248;-4.6100006;35.05;44.94
134093644;-5.4900055;34.86;45.13
134103240;-6.369995;34.26;45.73
134113244;-7.2299957;34.07;45.92
134123236;-8.080002;33.74;46.25
134133236;-8.910004;33.43;46.56
134143204;-9.720001;33.2;46.79
134153228;-10.479996;33.02;46.97
134163204;-11.220001;32.78;47.21
134173200;-11.940002;32.53;47.46
134183184;-12.630005;32.35;47.64
134193184;-13.279999;32.23;47.76
134203176;-13.919998;31.96;48.03
134213176;-14.520004;31.84;48.15
134223188;-15.089996;31.73;48.26
134233136;-15.610001;31.64;48.35
134243148;-16.100006;31.54;48.45
134253516;-16.550003;31.54;48.45
134263116;-16.960007;31.38;48.61
134273520;-17.339996;31.44;48.55
134283120;-17.660004;31.42;48.57
134293108;-17.940002;31.47;48.52
134303084;-18.179993;31.51;48.48
134313080;-18.36;31.6;48.39
134323064;-18.509995;31.67;48.32
134333064;-18.61;31.8;48.19
134343064;-18.649994;31.97;48.02
134353060;-18.649994;32.11;47.88
134363060;-18.600006;32.29;47.7
134373044;-18.5;32.48;47.51
134383024;-18.369995;32.67;47.32
134393004;-18.190002;32.9;47.09
134403008;-17.949997;33.18;46.81
134413004;-17.679993;33.43;46.56
134422984;-17.36;33.72;46.27
134432976;-17.0;34.0;45.99
134442964;-16.589996;34.32;45.67
134452960;-16.149994;34.62;45.37
134462960;-15.679993;34.94;45.05
134472960;-15.160004;35.31;44.68
134482948;-14.619995;35.63;44.36
134492940;-14.039993;35.98;44.01
134502948;-13.429993;36.33;43.66
134512928;-12.779999;36.76;43.23
134522932;-12.119995;37.07;42.92
134532912;-11.410004;37.52;42.47
134542912;-10.690002;37.88;42.11
134552900;-9.949997;38.27;41.72
134562904;-9.179993;38.66;41.33
134572904;-8.389999;39.09;40.9
134582904;-7.580002;39.47;40.52
134592868;-6.7599945;39.89;40.1
134602860;-5.919998;40.28;39.71
134612860;-5.0599976;40.73;39.26
134622832;-4.1900024;41.15;38.84
134632844;-3.3099976;41.5;38.49
134642832;-2.4199982;41.97;38.02
134652828;-1.5099945;42.39;37.6
134662840;-0.58999634;42.8;37.19
134672816;0.30999756;43.13;36.86
134682820;1.2200012;43.55;36.44
134692792;2.119995;43.92;36.07
134702784;3.0200043;44.27;35.72
134712784;3.9100037;44.61;35.38
134722764;4.7899933;44.96;35.03
134732760;5.6600037;45.28;34.71
134742752;6.5200043;45.65;34.34
134752756;7.380005;45.99;34.0
134762764;8.210007;46.22;33.77
134772744;9.039993;46.58;33.41
134782728;9.830002;46.8;33.19
134792720;10.610001;47.09;32.9
134802712;11.360001;47.31;32.68
134812700;12.089996;47.55;32.44
134822684;12.789993;47.75;32.24
134832684;13.470001;47.98;32.01
134842688;14.119995;48.14;31.85
134852684;14.729996;48.26;31.73
134862664;15.320007;48.46;31.53
134872652;15.869995;48.56;31.43
134882648;16.39;48.64;31.35
134892660;16.869995;48.74;31.25
134902648;17.320007;48.82;31.17
134912648;17.710007;48.82;31.17
134922648;18.070007;48.84;31.15
134932608;18.399994;48.89;31.1
134942608;18.679993;48.83;31.16
134952592;18.919998;48.81;31.18
134962956;19.119995;48.73;31.26
134972580;19.270004;48.67;31.32
134982564;19.380005;48.58;31.41
134992556;19.440002;48.43;31.56
135002556;19.460007;48.3;31.69
135012548;19.440002;48.15;31.84
135022536;19.36;47.93;32.06
135032520;19.25;47.76;32.23
135042520;19.089996;47.54;32.45
135052504;18.880005;47.3;32.69
135062492;18.630005;47.04;32.95
135072476;18.339996;46.81;33.18
135082484;18.009995;46.53;33.46
135092464;17.649994;46.24;33.75
135102860;17.240005;45.99;34.0
135112456;16.789993;45.55;34.44
135122828;16.320007;45.38;34.61
135132456;15.800003;44.87;35.12
135142440;15.2400055;44.6;35.39
135152440;14.660004;44.25;35.74
135162432;14.029999;43.83;36.16
135172420;13.369995;43.48;36.51
135182404;12.699997;43.11;36.88
135192400;11.979996;42.68;37.31
135202396;11.2400055;42.28;37.71
135212400;10.479996;41.89;38.1
135222392;9.690002;41.47;38.52
135232376;8.880005;41.06;38.93
135242364;8.059998;40.68;39.31
135252340;7.2400055;40.3;39.69
135262332;6.399994;39.9;40.09
135272320;5.529999;39.44;40.55
135282312;4.669998;39.12;40.87
135292328;3.7899933;38.67;41.32
135302304;2.899994;38.26;41.73
135312324;2.0;37.84;42.15
135322308;1.1100006;37.48;42.51
135332288;0.22000122;37.12;42.87
135342312;-0.66999817;36.77;43.22
135352284;-1.5700073;36.33;43.66
135362252;-2.449997;35.98;44.01
135372252;-3.3399963;35.63;44.36
135382252;-4.2100067;35.33;44.66
135392244;-5.0599976;35.0;44.99
135402236;-5.9100037;34.66;45.33
135412228;-6.75;34.35;45.64
135422232;-7.5599976;34.08;45.91
135432232;-8.380005;33.75;46.24
135442244;-9.160004;33.49;46.5
135452212;-9.929993;33.25;46.74
135462212;-10.649994;33.07;46.92
135472184;-11.350006;32.86;47.13
135482180;-12.020004;32.66;47.33
135492184;-12.669998;32.47;47.52
135502188;-13.279999;32.37;47.62
135512172;-13.850006;32.22;47.77
135522156;-14.399994;32.07;47.92
135532156;-14.899994;32.01;47.98
135542136;-15.380005;31.91;48.08
135552120;-15.809998;31.86;48.13
135562108;-16.199997;31.83;48.16
135572116;-16.550003;31.81;48.18
135582104;-16.86;31.82;48.17
135592080;-17.130005;31.85;48.14
135602092;-17.350006;31.91;48.08
135612088;-17.539993;31.95;48.04
135622072;-17.679993;32.04;47.95
135632064;-17.770004;32.19;47.8
135642052;-17.809998;32.32;47.67
135652048;-17.800003;32.48;47.51
135662052;-17.75;32.67;47.32
135672016;-17.649994;32.85;47.14
135682020;-17.509995;33.05;46.94
135692000;-17.330002;33.28;46.71
135702008;-17.089996;33.53;46.46
135711992;-16.830002;33.78;46.21
135721992;-16.509995;34.05;45.94
135731980;-16.160004;34.34;45.65
135741984;-15.7599945;34.65;45.34
135751964;-15.330002;34.94;45.05
135761952;-14.869995;35.25;44.74
135771948;-14.369995;35.56;44.43
135781936;-13.850006;35.89;44.1
135791940;-13.289993;36.23;43.76
135801944;-12.690002;36.61;43.38
135811932;-12.080002;36.94;43.05
135821924;-11.429993;37.31;42.68
135831896;-10.75;37.74;42.25
135842284;-10.050003;37.99;42.0
135851900;-9.330002;38.54;41.45
135861912;-8.580002;38.84;41.15
135871876;-7.8200073;39.24;40.75
135881868;-7.050003;39.59;40.4
135891856;-6.25;40.01;39.98
135901852;-5.4400024;40.38;39.61
135911840;-4.630005;40.76;39.23
135921844;-3.800003;41.15;38.84
135931852;-2.9600067;41.54;38.45
135941824;-2.119995;41.9;38.09
135951844;-1.2599945;42.33;37.66
135961828;-0.3999939;42.69;37.3
135971848;0.44999695;43.01;36.98
135981788;1.3099976;43.43;36.56
135991792;2.149994;43.72;36.27
136001768;3.0;44.08;35.91
136011788;3.8300018;44.39;35.6
136021752;4.649994;44.72;35.27
136031760;5.4799957;45.07;34.92
136041752;6.2899933;45.37;34.62
136051748;7.0899963;45.67;34.32
136061740;7.869995;45.91;34.08
136071732;8.630005;46.18;33.81
136081736;9.369995;46.44;33.55
136091720;10.089996;46.67;33.32
136101696;10.800003;46.93;33.06
136111684;11.479996;47.14;32.85
136121676;12.130005;47.31;32.68
136131660;12.770004;47.52;32.47
136141676;13.369995;47.68;32.31
136151664;13.940002;47.77;32.22
136161684;14.470001;47.89;32.1
136171664;14.970001;48.01;31.98
136181652;15.429993;48.08;31.91
136191644;15.860001;48.13;31.86
136201628;16.25;48.2;31.79
136211620;16.61;48.22;31.77
136221616;16.929993;48.23;31.76
136231608;17.210007;48.22;31.77
136241624;17.449997;48.18;31.81
136251588;17.649994;48.12;31.87
136261572;17.800003;48.05;31.94
136271584;17.910004;47.95;32.04
136281584;17.979996;47.82;32.17
136291556;18.009995;47.72;32.27
136301544;17.990005;47.55;32.44
136311556;17.929993;47.38;32.61
136321536;17.820007;47.2;32.79
136331516;17.690002;47.02;32.97
136341512;17.5;46.77;33.22
136351492;17.279999;46.58;33.41
136361480;17.009995;46.32;33.67
136371484;16.710007;46.05;33.94
136381472;16.369995;45.78;34.21
136391472;15.9900055;45.53;34.46
136401464;15.589996;45.24;34.75
136411460;15.149994;44.94;35.05
136421448;14.669998;44.63;35.36
136431456;14.169998;44.33;35.66
136441428;13.619995;43.93;36.06
136451408;13.059998;43.65;36.34
136461400;12.479996;43.33;36.66
136471400;11.869995;42.99;37.0
136481404;11.229996;42.64;37.35
136491388;10.559998;42.24;37.75
136501384;9.899994;41.96;38.03
136511384;9.210007;41.61;38.38
136521372;8.5;41.23;38.76
136531364;7.7899933;40.93;39.06
136541340;7.0700073;40.57;39.42
136551344;6.3200073;40.2;39.79
136561324;5.5700073;39.82;40.17
136571328;4.800003;39.5;40.49
136581312;4.029999;39.12;40.87
136591316;3.2599945;38.8;41.19
136601304;2.4700012;38.43;41.56
136611296;1.699997;38.13;41.86
136621300;0.9299927;37.81;42.18
136631288;0.16999817;37.54;42.45
136641292;-0.6000061;37.19;42.8
136651288;-1.3699951;36.83;43.16
136661276;-2.149994;36.5;43.49
136671248;-2.9100037;36.22;43.77
136681224;-3.6600037;35.95;44.04
136691236;-4.3899994;35.71;44.28
136701232;-5.100006;35.44;44.55
136711228;-5.8200073;35.16;44.83
136721224;-6.5200043;34.88;45.11
136731228;-7.2100067;34.65;45.34
136741192;-7.880005;34.43;45.56
136751184;-8.5099945;34.28;45.71
136761184;-9.119995;34.1;45.89
136771168;-9.710007;33.91;46.08
136781168;-10.279999;33.76;46.23
136791160;-10.800003;33.68;46.31
136801168;-11.309998;33.5;46.49
136811164;-11.800003;33.39;46.6
136821156;-12.2400055;33.32;46.67
136831144;-12.649994;33.29;46.7
136841140;-13.039993;33.16;46.83
136851124;-13.410004;33.09;46.9
136861112;-13.7400055;33.1;46.89
136871092;-14.020004;33.12;46.87
136881096;-14.270004;33.12;46.87
136891100;-14.479996;33.18;46.81
136901100;-14.639999;33.26;46.73
136911068;-14.770004;33.29;46.7
136921068;-14.869995;33.38;46.61
136931076;-14.919998;33.49;46.5
136941068;-14.940002;33.6;46.39
136951048;-14.929993;33.75;46.24
136961060;-14.869995;33.9;46.09
136971028;-14.770004;34.05;45.94
136981032;-14.649994;34.2;45.79
136991020;-14.4900055;34.41;45.58
137001000;-14.289993;34.61;45.38
137010984;-14.050003;34.84;45.15
137020980;-13.789993;35.01;44.98
137030968;-13.4900055;35.29;44.7
137040964;-13.169998;35.5;44.49
137050968;-12.809998;35.78;44.21
137060956;-12.419998;36.05;43.94
137070944;-11.9900055;36.33;43.66
137080952;-11.539993;36.62;43.37
137090928;-11.059998;36.93;43.06
137100928;-10.550003;37.21;42.78
137110904;-10.020004;37.53;42.46
137120900;-9.460007;37.85;42.14
137130900;-8.880005;38.17;41.82
137140888;-8.279999;38.49;41.5
137150876;-7.6600037;38.83;41.16
137160852;-7.0200043;39.16;40.83
137170868;-6.369995;39.48;40.51
137180844;-5.6900024;39.86;40.13
137190848;-5.0;40.18;39.81
137200832;-4.300003;40.51;39.48
137210828;-3.5800018;40.89;39.1
137220852;-2.8399963;41.24;38.75
137230856;-2.100006;41.58;38.41
137240828;-1.3500061;41.92;38.07
137250844;-0.6000061;42.25;37.74
137260812;0.16000366;42.6;37.39
137270812;0.91999817;42.91;37.08
137280792;1.6600037;43.19;36.8
137290776;2.4100037;43.52;36.47
137300764;3.1699982;43.87;36.12
137310768;3.9199982;44.16;35.83
137320760;4.6600037;44.44;35.55
137330732;5.3899994;44.7;35.29
137340732;6.100006;44.97;35.02
137350720;6.8099976;45.25;34.74
137360724;7.5200043;45.54;34.45
137370720;8.210007;45.78;34.21
137380720;8.889999;46.02;33.97
137390712;9.550003;46.23;33.76
137400692;10.179993;46.44;33.55
137410692;10.800003;46.64;33.35
137420692;11.399994;46.82;33.17
137430684;11.979996;47.0;32.99
137440664;12.520004;47.12;32.87
137450652;13.059998;47.3;32.69
137460644;13.559998;47.41;32.58
137470632;14.029999;47.51;32.48
137480652;14.479996;47.61;32.38
137490652;14.889999;47.69;32.3
137500624;15.270004;47.73;32.26
137510620;15.619995;47.78;32.21
137520616;15.949997;47.84;32.15
137531000;16.240005;47.82;32.17
137540584;16.490005;47.83;32.16
137550588;16.710007;47.81;32.18
137560592;16.89;47.75;32.24
137570568;17.020004;47.64;32.35
137580552;17.14;47.65;32.34
137590568;17.199997;47.5;32.49
137600548;17.240005;47.42;32.57
137610532;17.240005;47.29;32.7
137620520;17.190002;47.09;32.9
137630500;17.11;46.97;33.02
137640508;16.979996;46.77;33.22
137650496;16.809998;46.55;33.44
137660480;16.619995;46.38;33.61
137670484;16.39;46.16;33.83
137680476;16.11;45.9;34.09
137690460;15.809998;45.67;34.32
137700452;15.479996;45.45;34.54
137710444;15.100006;45.15;34.84
137720448;14.710007;44.89;35.1
137730444;14.279999;44.62;35.37
137740424;13.820007;44.32;35.67
137750416;13.339996;44.03;35.96
137760404;12.820007;43.71;36.28
137770400;12.289993;43.42;36.57
137780384;11.729996;43.08;36.91
137790396;11.149994;42.79;37.2
137800368;10.520004;42.36;37.63
137810376;9.889999;42.09;37.9
137820368;9.2400055;41.73;38.26
137830744;8.570007;41.47;38.52
137840348;7.8899994;40.99;39.0
137850352;7.199997;40.74;39.25
137860328;6.5099945;40.45;39.54
137870320;5.800003;40.08;39.91
137880308;5.0700073;39.72;40.27
137890304;4.3399963;39.39;40.6
137900288;3.600006;39.06;40.93
137910284;2.8600006;38.72;41.27
137920268;2.100006;38.36;41.63
137930292;1.3500061;38.09;41.9
137940268;0.6100006;37.76;42.23
137950272;-0.13000488;37.5;42.49
137960260;-0.8600006;37.18;42.81
137970248;-1.6100006;36.83;43.16
137980228;-2.3300018;36.58;43.41
137990220;-3.0599976;36.27;43.72
138000224;-3.7700043;36.03;43.96
138010220;-4.4799957;35.75;44.24
138020204;-5.169998;35.5;44.49
138030188;-5.8399963;35.29;44.7
138040560;-6.4900055;35.14;44.85
138050184;-7.1399994;34.73;45.26
138060168;-7.779999;34.59;45.4
138070176;-8.389999;34.4;45.59
138080172;-8.970001;34.27;45.72
138090148;-9.520004;34.13;45.86
138100140;-10.050003;33.96;46.03
138110128;-10.559998;33.84;46.15
138120124;-11.020004;33.78;46.21
138130120;-11.470001;33.67;46.32
138140128;-11.889999;33.54;46.45
138150112;-12.279999;33.49;46.5
138160108;-12.630005;33.48;46.51
138170100;-12.960007;33.44;46.55
138180104;-13.2599945;33.38;46.61
138190088;-13.5099945;33.44;46.55
138200072;-13.729996;33.45;46.54
138210064;-13.919998;33.49;46.5
138220080;-14.080002;33.5;46.49
138230052;-14.190002;33.6;46.39
138240040;-14.270004;33.69;46.3
138250040;-14.309998;33.81;46.18
138260024;-14.309998;33.95;46.04
138270036;-14.279999;34.07;45.92
138280024;-14.210007;34.2;45.79
138290012;-14.110001;34.37;45.62
138300364;-13.960007;34.55;45.44
138309976;-13.779999;34.8;45.19
138319960;-13.559998;34.97;45.02
138329972;-13.320007;35.18;44.81
138339960;-13.039993;35.42;44.57
138349944;-12.729996;35.65;44.34
138359932;-12.380005;35.89;44.1
138369932;-12.020004;36.12;43.87
138379940;-11.630005;36.38;43.61
138389940;-11.210007;36.67;43.32
138399920;-10.7599945;36.94;43.05
138409920;-10.289993;37.22;42.77
138419920;-9.789993;37.52;42.47
138429924;-9.270004;37.8;42.19
138439888;-8.729996;38.1;41.89
138449884;-8.169998;38.4;41.59
138459872;-7.5899963;38.72;41.27
138469852;-7.0099945;38.98;41.01
138479848;-6.4100037;39.28;40.71
138489848;-5.7899933;39.61;40.38
138499836;-5.169998;39.88;40.11
138509828;-4.5399933;40.2;39.79
138519800;-3.899994;40.49;39.5
138529812;-3.2400055;40.82;39.17
138539796;-2.5700073;41.13;38.86
138549824;-1.8999939;41.43;38.56
138559816;-1.2299957;41.7;38.29
138569812;-0.55999756;42.02;37.97
138579780;0.11999512;42.31;37.68
138589792;0.80000305;42.58;37.41
138599760;1.4700012;42.88;37.11
138609752;2.1399994;43.12;36.87
138619748;2.800003;43.39;36.6
138629720;3.4600067;43.67;36.32
138639712;4.1100006;43.91;36.08
138649712;4.75;44.14;35.85
138659700;5.369995;44.32;35.67
138670112;5.9799957;44.49;35.5
138679692;6.580002;44.87;35.12
138689700;7.169998;45.01;34.98
138699700;7.75;45.22;34.77
138709696;8.309998;45.37;34.62
138719668;8.839996;45.52;34.47
138729664;9.350006;45.65;34.34
138739660;9.850006;45.83;34.16
138749660;10.320007;45.95;34.04
138759664;10.770004;46.03;33.96
138769624;11.190002;46.15;33.84
138779612;11.580002;46.21;33.78
138789608;11.960007;46.3;33.69
138799624;12.300003;46.33;33.66
138809624;12.610001;46.39;33.6
138819596;12.910004;46.44;33.55
138829584;13.169998;46.46;33.53
138839588;13.399994;46.44;33.55
138849584;13.600006;46.42;33.57
138859560;13.770004;46.4;33.59
138869552;13.919998;46.38;33.61
138879556;14.029999;46.3;33.69
138889552;14.110001;46.26;33.73
138899540;14.149994;46.11;33.88
138909544;14.169998;46.06;33.93
138919528;14.160004;45.94;34.05
138929504;14.100006;45.8;34.19
138939484;14.029999;45.68;34.31
138949476;13.929993;45.56;34.43
138959468;13.800003;45.42;34.57
138969448;13.639999;45.22;34.77
138979440;13.440002;45.05;34.94
138989428;13.229996;44.88;35.11
138999428;12.9900055;44.7;35.29
139009432;12.720001;44.48;35.51
139019412;12.419998;44.26;35.73
139029404;12.100006;44.05;35.94
139039404;11.7599945;43.84;36.15
139049412;11.399994;43.61;36.38
139059400;11.0099945;43.36;36.63
139069380;10.610001;43.15;36.84
139079388;10.179993;42.87;37.12
139089388;9.720001;42.61;37.38
139099776;9.2400055;42.38;37.61
139109352;8.7400055;41.95;38.04
139119360;8.229996;41.78;38.21
139129352;7.7100067;41.51;38.48
139139332;7.169998;41.24;38.75
139149320;6.619995;40.97;39.02
139159304;6.0599976;40.69;39.3
139169300;5.4900055;40.43;39.56
139179284;4.919998;40.16;39.83
139189288;4.3200073;39.85;40.14
139199276;3.7200012;39.57;40.42
139209272;3.119995;39.31;40.68
139219260;2.5200043;39.08;40.91
139229264;1.9199982;38.79;41.2
139239264;1.3099976;38.53;41.46
139249260;0.7100067;38.3;41.69
139259248;0.11999512;38.08;41.91
139269244;-0.47000122;37.83;42.16
139279232;-1.050003;37.61;42.38
139289216;-1.6300049;37.35;42.64
139299220;-2.2200012;37.1;42.89
139309200;-2.800003;36.88;43.11
139319200;-3.3600006;36.72;43.27
139329180;-3.899994;36.52;43.47
139339176;-4.4400024;36.34;43.65
139349168;-4.949997;36.17;43.82
139359168;-5.4600067;35.99;44.0
139369156;-5.9600067;35.82;44.17
139379164;-6.4400024;35.68;44.31
139389156;-6.899994;35.53;44.46
139399136;-7.350006;35.37;44.62
139409140;-7.779999;35.29;44.7
139419132;-8.169998;35.22;44.77
139429124;-8.550003;35.12;44.87
139439120;-8.910004;35.03;44.96
139449100;-9.2400055;34.97;45.02
139459080;-9.550003;34.92;45.07
139469084;-9.839996;34.87;45.12
139479076;-10.100006;34.86;45.13
139489064;-10.330002;34.84;45.15
139499064;-10.529999;34.88;45.11
139509068;-10.699997;34.88;45.11
139519048;-10.850006;34.92;45.07
139529052;-10.970001;34.95;45.04
139539036;-11.059998;35.01;44.98
139549032;-11.119995;35.09;44.9
139559012;-11.139999;35.23;44.76
139569012;-11.130005;35.32;44.67
139579016;-11.089996;35.41;44.58
139589008;-11.039993;35.52;44.47
139598972;-10.949997;35.66;44.33
139608964;-10.830002;35.82;44.17
139618956;-10.679993;35.95;44.04
139628956;-10.5;36.16;43.83
139638936;-10.300003;36.31;43.68
139648924;-10.059998;36.53;43.46
139658916;-9.800003;36.71;43.28
139668916;-9.520004;36.9;43.09
139678916;-9.220001;37.12;42.87
139688904;-8.889999;37.33;42.66
139698892;-8.539993;37.54;42.45
139708896;-8.179993;37.76;42.23
139718900;-7.7899933;37.99;42.0
139729264;-7.380005;38.18;41.81
139738880;-6.9600067;38.5;41.49
139748872;-6.5200043;38.72;41.27
139758860;-6.050003;39.02;40.97
139768852;-5.5599976;39.25;40.74
139778848;-5.0599976;39.52;40.47
139788836;-4.550003;39.78;40.21
139798804;-4.029999;40.05;39.94
139808808;-3.5;40.28;39.71
139818808;-2.9600067;40.54;39.45
139828800;-2.4100037;40.79;39.2
139838804;-1.8600006;41.05;38.94
139848812;-1.3099976;41.27;38.72
139858820;-0.75;41.53;38.46
139868788;-0.19000244;41.82;38.17
139878800;0.36999512;42.02;37.97
139888772;0.94000244;42.28;37.71
139898760;1.4900055;42.45;37.54
139908756;2.0399933;42.73;37.26
139918740;2.5899963;42.92;37.07
139928744;3.1399994;43.15;36.84
139938736;3.6799927;43.35;36.64
139948704;4.199997;43.51;36.48
139958712;4.720001;43.75;36.24
139968708;5.2299957;43.92;36.07
139978684;5.7299957;44.09;35.9
139988684;6.220001;44.27;35.72
139998676;6.699997;44.41;35.58
140008668;7.1600037;44.57;35.42
140018684;7.600006;44.67;35.32
140028664;8.020004;44.8;35.19
140038656;8.429993;44.92;35.07
140048652;8.820007;45.03;34.96
140058628;9.190002;45.13;34.86
140068620;9.539993;45.21;34.78
140078624;9.869995;45.29;34.7
140088620;10.179993;45.32;34.67
140098596;10.460007;45.37;34.62
140108584;10.720001;45.41;34.58
140118584;10.960007;45.41;34.58
140128580;11.160004;45.42;34.57
140138568;11.339996;45.38;34.61
140148564;11.5;45.41;34.58
140158568;11.619995;45.32;34.67
140168560;11.729996;45.33;34.66
140178536;11.800003;45.23;34.76
140188540;11.850006;45.16;34.83
140198524;11.869995;45.08;34.91
140208512;11.869995;45.02;34.97
140218540;11.850006;44.94;35.05
140228524;11.789993;44.8;35.19
140238484;11.720001;44.72;35.27
140248468;11.619995;44.6;35.39
140258460;11.5;44.47;35.52
140268456;11.350006;44.31;35.68
140278444;11.190002;44.18;35.81
140288452;11.0099945;44.05;35.94
140298436;10.789993;43.84;36.15
140308432;10.559998;43.69;36.3
140318436;10.300003;43.51;36.48
140328428;10.020004;43.29;36.7
140338412;9.710007;43.07;36.92
140348392;9.399994;42.94;37.05
140358404;9.070007;42.74;37.25
140368388;8.720001;42.54;37.45
140378376;8.369995;42.35;37.64
140388376;8.0;42.14;37.85
140398356;7.6100006;41.94;38.05
140408348;7.2100067;41.7;38.29
140418316;6.779999;41.44;38.55
140428320;6.350006;41.24;38.75
140438324;5.899994;40.99;39.0
140448316;5.4299927;40.75;39.24
140458284;4.970001;40.55;39.44
140468284;4.5;40.32;39.67
140478288;4.0200043;40.09;39.9
140488656;3.5299988;39.94;40.05
140498264;3.050003;39.61;40.38
140508264;2.5599976;39.46;40.53
140518256;2.0700073;39.22;40.77
140528272;1.5700073;39.01;40.98
140538252;1.0800018;38.82;41.17
140548240;0.6000061;38.64;41.35
140558252;0.11999512;38.44;41.55
140568228;-0.3600006;38.26;41.73
140578224;-0.83000183;38.06;41.93
140588212;-1.300003;37.89;42.1
140598196;-1.7599945;37.72;42.27
140608192;-2.2100067;37.55;42.44
140618192;-2.649994;37.4;42.59
140628152;-3.0899963;37.24;42.75
140638168;-3.5;37.12;42.87
140648156;-3.9199982;36.96;43.03
140658140;-4.3099976;36.84;43.15
140668148;-4.6900024;36.75;43.24
140678132;-5.0599976;36.62;43.37
140688128;-5.4100037;36.57;43.42
140698120;-5.7299957;36.49;43.5
140708088;-6.050003;36.38;43.61
140718104;-6.350006;36.3;43.69
140728096;-6.630005;36.26;43.73
140738108;-6.899994;36.16;43.83
140748104;-7.149994;36.14;43.85
140758088;-7.380005;36.09;43.9
140768088;-7.600006;36.07;43.92
140778076;-7.779999;36.08;43.91
140788056;-7.9600067;36.05;43.94
140798040;-8.100006;36.09;43.9
140808060;-8.229996;36.09;43.9
140818052;-8.339996;36.1;43.89
140828056;-8.419998;36.15;43.84
140838024;-8.4900055;36.18;43.81
140848024;-8.529999;36.26;43.73
140858028;-8.529999;36.37;43.62
140868004;-8.520004;36.42;43.57
140878012;-8.5;36.48;43.51
140887996;-8.460007;36.56;43.43
140897996;-8.389999;36.68;43.31
140907972;-8.289993;36.8;43.19
140917956;-8.190002;36.88;43.11
140927944;-8.050003;37.04;42.95
140937928;-7.899994;37.18;42.81
140947932;-7.720001;37.32;42.67
140957920;-7.529999;37.44;42.55
140967916;-7.330002;37.58;42.41
140977884;-7.100006;37.74;42.25
140987896;-6.869995;37.87;42.12
140997880;-6.6100006;38.05;41.94
141007884;-6.350006;38.21;41.78
141017864;-6.0599976;38.38;41.61
141027880;-5.779999;38.51;41.48
141037876;-5.470001;38.7;41.29
141047860;-5.149994;38.89;41.1
141057864;-4.8099976;39.08;40.91
141067848;-4.470001;39.25;40.74
141077824;-4.119995;39.44;40.55
141087828;-3.75;39.62;40.37
141097804;-3.3899994;39.79;40.2
141107828;-3.0099945;39.99;40.0
141117812;-2.630005;40.14;39.85
141127816;-2.2400055;40.34;39.65
141137796;-1.8500061;40.51;39.48
141147812;-1.4700012;40.66;39.33
141157800;-1.0700073;40.87;39.12
141167784;-0.66000366;41.06;38.93
141177756;-0.27000427;41.2;38.79
141187768;0.13000488;41.37;38.62
141197764;0.5200043;41.55;38.44
141207752;0.91000366;41.69;38.3
141217740;1.3200073;41.9;38.09
141227716;1.7100067;42.03;37.96
141237732;2.100006;42.19;37.8
141247708;2.4900055;42.35;37.64
141257716;2.869995;42.47;37.52
141267704;3.2400055;42.61;37.38
141277696;3.6100006;42.75;37.24
141288068;3.9600067;42.81;37.18
141297660;4.3099976;43.05;36.94
141307644;4.649994;43.09;36.9
141317636;4.9900055;43.22;36.77
141327636;5.2899933;43.24;36.75
141337616;5.5899963;43.35;36.64
141347616;5.869995;43.43;36.56
141357616;6.1399994;43.49;36.5
141367612;6.380005;43.53;36.46
141377596;6.619995;43.6;36.39
141387596;6.8399963;43.62;36.37
141397608;7.0399933;43.65;36.34
141407604;7.220001;43.66;36.33
141417588;7.3899994;43.69;36.3
141427580;7.5399933;43.7;36.29
141437568;7.6799927;43.69;36.3
141447556;7.7899933;43.66;36.33
141457552;7.880005;43.65;36.34
141467540;7.970001;43.66;36.33
141477540;8.029999;43.59;36.4
141487540;8.059998;43.53;36.46
141497536;8.080002;43.49;36.5
141507528;8.080002;43.42;36.57
141517528;8.070007;43.37;36.62
141527520;8.039993;43.31;36.68
141537492;7.9900055;43.21;36.78
141547484;7.9400024;43.17;36.82
141557492;7.8600006;43.05;36.94
141567468;7.7700043;42.99;37.0
141577440;7.6600037;42.9;37.09
141587432;7.550003;42.82;37.17
141597444;7.419998;42.69;37.3
141607416;7.279999;42.61;37.38
141617408;7.119995;42.49;37.5
141627384;6.9600067;42.4;37.59
141637400;6.779999;42.28;37.71
141647396;6.600006;42.18;37.81
141657392;6.399994;42.05;37.94
141667380;6.1900024;41.92;38.07
141677364;5.970001;41.77;38.22
141687340;5.7400055;41.68;38.31
141697336;5.4900055;41.49;38.5
141707316;5.2400055;41.39;38.6
141717316;4.9900055;41.27;38.72
141727324;4.7299957;41.15;38.84
141737308;4.470001;41.0;38.99
141747312;4.1900024;40.87;39.12
141757292;3.9100037;40.69;39.3
141767292;3.630005;40.61;39.38
141777280;3.3300018;40.41;39.58
141787280;3.0299988;40.27;39.72
141797272;2.7200012;40.12;39.87
141807252;2.399994;39.95;40.04
141817252;2.0899963;39.85;40.14
141827232;1.7700043;39.69;40.3
141837252;1.4600067;39.59;40.4
141847248;1.1399994;39.42;40.57
141857248;0.8200073;39.26;40.73
141867224;0.5;39.14;40.85
141877204;0.19000244;39.04;40.95
141887220;-0.11999512;38.92;41.07
141897200;-0.42999268;38.78;41.21
141907188;-0.7299957;38.69;41.3
141917180;-1.0299988;38.55;41.44
141927172;-1.3200073;38.49;41.5
141937172;-1.6000061;38.37;41.62
141947160;-1.8699951;38.33;41.66
141957164;-2.130005;38.21;41.78
141967132;-2.380005;38.14;41.85
141977140;-2.630005;38.07;41.92
141987124;-2.869995;37.99;42.0
141997104;-3.0899963;37.94;42.05
142007084;-3.300003;37.88;42.11
142017092;-3.5099945;37.83;42.16
142027080;-3.7100067;37.76;42.23
142037080;-3.8899994;37.75;42.24
142047080;-4.0599976;37.69;42.3
142057068;-4.220001;37.68;42.31
142067056;-4.369995;37.65;42.34
142077044;-4.5099945;37.62;42.37
142087044;-4.6399994;37.62;42.37
142097040;-4.7599945;37.59;42.4
142107028;-4.8600006;37.58;42.41
142117012;-4.9600067;37.58;42.41
142127008;-5.0399933;37.6;42.39
142137012;-5.100006;37.62;42.37
142147020;-5.1600037;37.63;42.36
142157008;-5.199997;37.66;42.33
142167004;-5.220001;37.7;42.29
142176996;-5.2400055;37.71;42.28
142186960;-5.2299957;37.81;42.18
142196952;-5.2100067;37.86;42.13
142206960;-5.1799927;37.92;42.07
142216944;-5.130005;37.99;42.0
142226940;-5.0599976;38.1;41.89
142236920;-4.970001;38.18;41.81
142246904;-4.869995;38.28;41.71
142256908;-4.7599945;38.36;41.63
142266904;-4.619995;38.49;41.5
142276876;-4.470001;38.6;41.39
142286860;-4.300003;38.74;41.25
142296872;-4.130005;38.84;41.15
142306864;-3.9299927;38.99;41.0
142316864;-3.7200012;39.11;40.88
142326852;-3.5099945;39.22;40.77
142336840;-3.2799988;39.37;40.62
142346860;-3.0399933;39.5;40.49
142356836;-2.800003;39.62;40.37
142366824;-2.5599976;39.72;40.27
142376812;-2.3099976;39.85;40.14
142386840;-2.0599976;39.97;40.02
142396820;-1.7899933;40.11;39.88
142406808;-1.5200043;40.27;39.72
142416820;-1.25;40.34;39.65
142426812;-0.9799957;40.48;39.51
142436796;-0.7200012;40.59;39.4
142446776;-0.44000244;40.74;39.25
142456768;-0.16999817;40.84;39.15
142466768;0.11000061;40.95;39.04
142476756;0.38000488;41.07;38.92
142486744;0.6499939;41.16;38.83
142496748;0.91000366;41.27;38.72
142506720;1.1799927;41.37;38.62
142516724;1.4299927;41.44;38.55
142526692;1.6799927;41.56;38.43
142536688;1.9400024;41.66;38.33
142546688;2.1799927;41.73;38.26
142556688;2.4299927;41.85;38.14
142566688;2.6600037;41.91;38.08
142576676;2.8899994;41.97;38.02
142586652;3.1100006;42.06;37.93
142596640;3.3200073;42.12;37.87
142606648;3.5299988;42.19;37.8
142616652;3.7299957;42.24;37.75
142626656;3.9299927;42.31;37.68
142636652;4.100006;42.32;37.67
142646628;4.279999;42.39;37.6
142656612;4.4400024;42.41;37.58
142666604;4.580002;42.42;37.57
142676584;4.7100067;42.43;37.56
142686568;4.830002;42.44;37.55
142696564;4.9400024;42.47;37.52
142706568;5.0399933;42.45;37.54
142716552;5.119995;42.41;37.58
142726556;5.1900024;42.44;37.55
142736552;5.25;42.4;37.59
142746560;5.2899933;42.39;37.6
142756540;5.3200073;42.35;37.64
142766532;5.330002;42.31;37.68
142776532;5.3399963;42.29;37.7
142786524;5.3399963;42.26;37.73
142796496;5.3200073;42.16;37.83
142806500;5.2899933;42.16;37.83
142816500;5.25;42.07;37.92
142826476;5.1900024;42.01;37.98
142836472;5.119995;41.93;38.06
142846448;5.050003;41.88;38.11
142856460;4.9600067;41.81;38.18
142866448;4.869995;41.74;38.25
142876428;4.7599945;41.66;38.33
142886424;4.6399994;41.55;38.44
142896408;4.5200043;41.5;38.49
142906396;4.380005;41.38;38.61
142916404;4.2400055;41.33;38.66
142926408;4.080002;41.19;38.8
142936384;3.9199982;41.12;38.87
142946380;3.7400055;41.0;38.99
142956368;3.5700073;40.93;39.06
142966368;3.3899994;40.82;39.17
142976344;3.199997;40.74;39.25
142986332;3.0200043;40.66;39.33
142996344;2.8300018;40.55;39.44
143006328;2.6399994;40.49;39.5
143016308;2.4400024;40.39;39.6
143026304;2.25;40.31;39.68
143036308;2.0599976;40.21;39.78
143046308;1.8600006;40.13;39.86
143056292;1.6600037;40.02;39.97
143066292;1.4600067;39.97;40.02
143076284;1.2700043;39.89;40.1
143086272;1.0700073;39.77;40.22
143096268;0.8699951;39.73;40.26
143106260;0.6799927;39.64;40.35
143116248;0.4900055;39.58;40.41
143126216;0.30000305;39.49;40.5
143136232;0.11999512;39.43;40.56
143146232;-0.05999756;39.37;40.62
143156228;-0.2400055;39.31;40.68
143166228;-0.3999939;39.28;40.71
143176240;-0.5700073;39.19;40.8
143186196;-0.7400055;39.14;40.85
143196188;-0.8800049;39.14;40.85
143206196;-1.0299988;39.05;40.94
143216188;-1.1900024;38.99;41.0
143226180;-1.3300018;38.94;41.05
143236164;-1.4600067;38.95;41.04
143246148;-1.5899963;38.89;41.1
143256156;-1.7200012;38.84;41.15
143266140;-1.8500061;38.79;41.2
143276128;-1.9600067;38.79;41.2
143286132;-2.0700073;38.77;41.22
143296120;-2.1600037;38.78;41.21
143306092;-2.25;38.74;41.25
143316080;-2.3300018;38.75;41.24
143326088;-2.399994;38.73;41.26
143336084;-2.4700012;38.74;41.25
143346088;-2.5299988;38.72;41.27
143356072;-2.5700073;38.75;41.24
143366064;-2.6100006;38.76;41.23
143376044;-2.6399994;38.8;41.19
143386048;-2.649994;38.84;41.15
143396028;-2.6600037;38.84;41.15
143406024;-2.649994;38.9;41.09
143416036;-2.6399994;38.91;41.08
143426044;-2.619995;38.97;41.02
143436008;-2.5899963;38.98;41.01
143445988;-2.5599976;39.04;40.95
143455992;-2.5200043;39.07;40.92
143466004;-2.4600067;39.14;40.85
143475992;-2.399994;39.18;40.81
143485984;-2.3399963;39.2;40.79
143495976;-2.2700043;39.28;40.71
143505968;-2.1900024;39.33;40.66
143515936;-2.1100006;39.38;40.61
143525948;-2.0200043;39.43;40.56
143535944;-1.9299927;39.48;40.51
143545916;-1.8399963;39.52;40.47
143555912;-1.7400055;39.61;40.38
143565888;-1.6399994;39.63;40.36
143575916;-1.5299988;39.73;40.26
143585888;-1.4100037;39.78;40.21
143595892;-1.300003;39.84;40.15
143605872;-1.1699982;39.91;40.08
143615864;-1.0399933;40.0;39.99
143626256;-0.8999939;40.08;39.91
143635880;-0.7599945;40.15;39.84
143645860;-0.6100006;40.22;39.77
143655852;-0.4600067;40.3;39.69
143665844;-0.32000732;40.34;39.65
143675832;-0.17999268;40.4;39.59
143685832;-0.020004272;40.5;39.49
143695812;0.13000488;40.56;39.43
143705796;0.2899933;40.66;39.33
143715820;0.44999695;40.7;39.29
143725796;0.6000061;40.78;39.21
143735784;0.7599945;40.84;39.15
143745784;0.91999817;40.91;39.08
143755800;1.0700073;40.94;39.05
143765764;1.2200012;41.02;38.97
143775776;1.3600006;41.06;38.93
143785760;1.5099945;41.13;38.86
143795716;1.6600037;41.19;38.8
143805724;1.7899933;41.2;38.79
143815716;1.9299927;41.25;38.74
143825712;2.050003;41.27;38.72
143835708;2.1699982;41.33;38.66
143845668;2.2799988;41.33;38.66
143855684;2.3899994;41.36;38.63
143865680;2.4799957;41.38;38.61
143875680;2.5800018;41.4;38.59
143885656;2.649994;41.38;38.61
143895652;2.7299957;41.41;38.58
143905652;2.800003;41.4;38.59
143915648;2.8600006;41.42;38.57
143925632;2.899994;41.37;38.62
143935620;2.949997;41.39;38.6
143945620;2.9900055;41.38;38.61
143955600;3.0099945;41.36;38.63
143965596;3.0200043;41.31;38.68
143975588;3.0399933;41.33;38.66
143985588;3.0299988;41.26;38.73
143995592;3.0200043;41.26;38.73
144005576;3.0099945;41.21;38.78
144015552;2.9900055;41.2;38.79
144025540;2.9600067;41.15;38.84
144035532;2.9199982;41.09;38.9
144045548;2.869995;41.08;38.91
144055528;2.8200073;41.01;38.98
144065524;2.7599945;40.98;39.01
144075528;2.699997;40.94;39.05
144085516;2.6399994;40.89;39.1
144095504;2.5700073;40.85;39.14
144105484;2.5;40.83;39.16
144115500;2.4400024;40.81;39.18
144125444;2.350006;40.71;39.28
144135468;2.2799988;40.71;39.28
144145456;2.1900024;40.64;39.35
144155436;2.100006;40.58;39.41
144165448;2.0099945;40.56;39.43
144175444;1.9199982;40.49;39.5
144185416;1.8200073;40.45;39.54
144195404;1.7200012;40.39;39.6
144205428;1.6100006;40.32;39.67
144215416;1.5099945;40.29;39.7
144225392;1.3999939;40.22;39.77
144235388;1.2899933;40.17;39.82
144245380;1.1600037;40.07;39.92
144255380;1.0399933;40.04;39.95
144265360;0.91999817;39.99;40.0
144275352;0.80999756;39.95;40.04
144285352;0.69999695;39.95;40.04
144295352;0.58000183;39.85;40.14
144305336;0.47999573;39.85;40.14
144315320;0.36999512;39.77;40.22
144325296;0.2599945;39.76;40.23
144335304;0.16999817;39.75;40.24
144345296;0.08000183;39.73;40.26
144355308;0.0;39.75;40.24
144365292;-0.070007324;39.73;40.26
144375296;-0.13000488;39.75;40.24
144385268;-0.17999268;39.75;40.24
144395252;-0.22999573;39.73;40.26
144405252;-0.2599945;39.77;40.22
144415240;-0.2899933;39.77;40.22
144425232;-0.32000732;39.76;40.23
144435236;-0.33000183;39.82;40.17
144445232;-0.3500061;39.81;40.18
144455232;-0.3500061;39.83;40.16
144465236;-0.3500061;39.85;40.14
144475212;-0.3500061;39.86;40.13
144485200;-0.33000183;39.91;40.08
144495196;-0.32000732;39.91;40.08
144505180;-0.2899933;39.98;40.01
144515164;-0.2599945;39.97;40.02
144525164;-0.22999573;40.02;39.97
144535168;-0.19999695;40.0;39.99
144545168;-0.16000366;40.07;39.92
144555156;-0.11000061;40.09;39.9
144565156;-0.070007324;40.11;39.88
144575144;-0.02999878;40.12;39.87
144585536;0.02999878;40.18;39.81
144595124;0.08000183;40.22;39.77
144605120;0.13000488;40.23;39.76
144615104;0.19000244;40.25;39.74
144625100;0.2400055;40.28;39.71
144635084;0.30000305;40.32;39.67
144645084;0.3500061;40.32;39.67
144655072;0.41000366;40.38;39.61
144665096;0.47000122;40.39;39.6
144675076;0.5299988;40.42;39.57
144685064;0.6000061;40.49;39.5
144695044;0.6799927;40.52;39.47
144705032;0.7400055;40.54;39.45
144715044;0.8200073;40.59;39.4
144725028;0.8999939;40.64;39.35
144735024;0.9700012;40.67;39.32
144745000;1.0399933;40.67;39.32
144755016;1.1199951;40.74;39.25
144764980;1.1900024;40.74;39.25
144774968;1.2599945;40.77;39.22
144784972;1.3300018;40.79;39.2
144794976;1.3899994;40.78;39.21
144804968;1.4600067;40.85;39.14
144814960;1.5299988;40.87;39.12
144824952;1.5899963;40.87;39.12
144834908;1.6499939;40.9;39.09
144844912;1.699997;40.88;39.11
144854924;1.7599945;40.94;39.